Tweet;sentiment
berita investor global salah sumitomo mitsui kuasa dana investasi global triliun stress panik;negative
niat jahat selundup;negative
hilang benny harman ceroboh fatal;negative
hilang politis demokrat ceroboh fatal;negative
semena mena sangon tttihtu;negative
bicara preman bantu bahasa preman tanda tangan kspi kerah puluh buruh debat;negative
sraan harus rangin konsep ketidakadilannya buruh;negative
ramai gaduh wajib batal hasil mafia batalkanuuomnibuslaw dukungaksimahasiswa kembalikanmandatrakyat;negative
produk masyarakat landas modal juang pergi;negative
aksi massa desak pergi;negative
aksi nasional kspi teken cirebon;negative
aksi oknum rusuh demo tolak;negative
aksi serikat tuntut upah;negative
aksi teatrikal warna demo tolak dprd sumbar arus lintas sendat tribun padang mositidakpercaya pembangkangansipil;negative
aksi tolak bandung;negative
aksi unjuk demo tolak edar kabar aksi demo gelar;negative
aksi unjuk kesah rencana buruh anti demo demo club tolakdemopasukannasbung;negative
aktivis mahasiswa independen tutup wajah topeng salvador busana tudung warna merah rupa karakter serial televisi money heist simbol tolak publik cnnindonesia;negative
berfikir puas publik cerdas cenderung cukong drpd dagang kampanye kuasa;negative
alah pilar demokrasi hancur hakim urus satuan pengamanan ecek urus uang gede udahlah pura peran umpan anak cucu entat susah;negative
aliansi buruh kalsel suara mosi hadir tantang debat;negative
ancam aksi demo intai teken;negative
bilang tolak proses sosialisasi ketok palu bantu provinsi tahap launching kick ubah sosialisasi mikir;negative
anggap pemprov kaltim tolak mahasiswa aksi;negative
anggap setneg hapus paripurna selundup hapus layak anggota pidana sesuai selundup;negative
anggota panja fraksi hilang akibat ceroboh fatal;negative
anies tuduh dalang demo aktivis tuduh sumir;negative
komodo dipake alih alah mboh wess pusing;negative
apadaya nafsu politik dinasti goda ketimbang issue pulau komodo;negative
informasi demo;negative
nama ganti usaha maklum;negative
proses makna runtuh klasik;negative
harus nyantai kali tertawa bayang bagaimana berat ayah usia muda keras ngidupin skrg dihadang;negative
asosiasi haji umrah tolak masyarakat;negative
niru kuasa nambah halaman ngubah kalimat ngotot;negative
makhluk hormat binatang buruk mustahil paksa presidencacatmoral;negative
resesi bela mati mati ciptakerbuktikezalimandemokrasi sejahteradengankhilafah;negative
bakar siklus melulu korporasi alas lowong mati usaha;negative
barkat bebas enak buru buru kesah pdhl tolak cabutomnibuslaw batalkanciptaker;negative
masyarakat pulau komodo suku asli gerus sampai baduy hotel inap turun nolak;negative
batal;negative
news dampak hutan adat papua tahan hutan papua jokowipenjualtanah jokowipenjualtanah;negative
bebas kawan ijul massa aksi makassar bebaskanijul mositidakpercata tandatangani petisi;negative
bebas kawan ijul massa aksi makassar bebaskanijul mositidakpercata tandatangani petisi;negative
bebas sahabat henti refresifitas massa aksi hancur oligarki amin intruksidarijerujibesi mahasiswaindonesiamenggugat bebaskanaktivismahasiswa hentikanrefresifitasaparat tolakomnibuslaw;negative
bagaimana sosialisasi gencar hoax demo sibuk jelasin publik cerdas;negative
kecewa kaya beneran males kemarin sekrang pulau komodo;negative
ayat hilang ceroboh fatal tiada maaf rendah martabat institusi malu selidik motif pecat monitor;negative
elemen masyarakat kompak gabung tolak wajar zalim omnibuslawsengsarakanperempuan sejahteradengankhilafah;negative
upaya lemah surut suara tolak upaya doxing intidimasi digital arah kriminalisasi aktivis solidaritas injak buzzerp tiran salingjagakawan;negative
dasar aliansi jurnalis independen jurnalis duga alami tindak intimidasi polisi liput demonstrasi tolak databoks;negative
ubah ubah ubah rubah gethuk;negative
buruh rencana gelar demonstrasi tolak demotolakomnibuslawciptakerja demoburuh uuciptakerja gubernurjatim getol getoljatim lensaindonesiacom;negative
puluh buruh demo tolak said serah gugat materiil formil mahkamah konstitusi kspsi kspi;negative
puluh buruh demo tolak said serah gugat materiil formil mahkamah konstitusi kspsi kspi sumber merdeka;negative
teken kspi ancam aksi nasional;negative
bima arya buruh berat pemkotbogor welovebogor bogohkabogor bogorberlari;negative
birojomblo story kale arah gera tolak kanigoronewsline arahgerakan tolakomnisbuslaw tolakomnibuslaw tolakuuciptakerja;negative
ngingetin ramai pulau komodo sampai adem aayem bantu ingetin doang gampang semangat bacotin bandit;negative
gonta ganti halaman beres draf ketok palu tolak paham coba buruh tani banyak bicara doang;negative
hapus bukti cacat;negative
bawa parah rusa lingkung konflik milik lahan lontar profesor hukum direktur wlhi sekjen simak channel keyword khilafah jamin tanah jamin tanah;negative
bawa parah rusa lingkung konflik milik lahan atur tanah jaga hutan khilafah simak lengkap;negative
buruh unjuk provinsi tolak tuntut upah;negative
buruh tuntut upah minimal memuntut batal;negative
buruh ancam demo teken;negative
buruh ancam gelar demo tolak;negative
buruh gelar aksi tolak serentak nasional;negative
buruh aksi akbar;negative
buruh aksi akbar taucepattanpabatas uang ekonomiindonesia;negative
buruh demo teken berita;negative
buruh gelar unjuk tolak;negative
buruh kukuh tolak protes;negative
buruh media pepo buruh insan mesia tolak kapital buruh media bijak buruh tolak;negative
buruh tinjau;negative
buruh pabrik swasta tolak hahaa;negative
buruh demo teken;negative
pergi bubar bpip pdip pelosok nkri;negative
cari adil swasta susah;negative
case hapus existing draft setneg butuh masyarakat peruu;negative
aksi nasional buruh tolak gelar ukasindonews tolakruuciptaker buruhmenggugatuuciptakerja;negative
coba gausa aneh ngadain banyak anjing skrng banyak gara capek anjing;negative
coba statement hotman lantang iblis susun;negative
corona kelar ganti pancasila buru jaksa korupsi tbtb jagung bakar pemilihan kepala daerah vaksin produk ngimpor negriku;negative
curiga manusia manusia latar benci bawa curiga karakter korupsi timbun kuasa maling jenis curiga;negative
galak lingkung mrkece hukum opini;negative
juta butuh suara pilpres sksd buruh butuh teriak tolak sembunyi sksd kenal deket;negative
aksi demo tanggal badan eksekutif mahasiswa batas joko widodo perppu demonstrasi;negative
gera islamberkemajuan konsisten tolak;negative
bumdes badan hukum;negative
lembur haid lahir bayar ciptakerbuktikezalimandemokrasi sejahteradengankhilafah;negative
abai tatanan masyarakat kapitalisme rasisme tindas kawan kawan papua diskriminasi perempuan lgbt rusa lingkung skala;negative
proses muncul influencer milik kualifikasi influence pengaruh masyarakat politik sosialisme revolusioner mogoknasional;negative
komodo savekomodo;negative
dema ptkin seru tolak;negative
allah wallahi menandatangani omnibuslow wallahi allah juta umat muslim indonesiaa saksi adil allah adalah pimpin zholim;negative
aseng sekarat taruhanya;negative
demo buruh tolak kepung;negative
demo upil ratus buruh mahasuse demo tolak bakar kawasan sepi;negative
demo upil ratus buruh mahasuse demo tolak kawasan massa sepi tutup;negative
demo mahasiswa tolak sate kondusif orasi kritisi bijak;negative
demo mahasiswabergerak buruhbergerak kspi aksi nasional tandatangani kanigoronewsline kspi aksinasional uuciptakerja uuciptademo;negative
demo tolak kesah kemarin skenario kudeta rangka aman bukti bukti saksi mata;negative
demo tolak picu gera arah;negative
demo puluh buruh tolak gebrak provinsi;negative
demo rawan susup ketidksetujuan mahkamah konstitusi;negative
demo tolak tular covid sulit tracing demorawancovid;negative
demo tolak bebas anarkis tangkap;negative
demo tolak bebas anarkis tangkap demo tolak damai dengar batal ndablek antirezimjokowi;negative
demo tolak mahasiswa gagal pimpin malangtimes beritamalang;negative
demo demo ideologi peras salah sumbangsih milenial cinta bangsa bangsa rusak manfaat gelintir kelompok;negative
demokrat tolak selamat juang;negative
demonstran tolak makassar mundur ormas panah saksi polisi diam dukung;negative
demonstrasi buruh tolak anti demo demo club tolakdemopasukannasbung;negative
demonstrasi tolak makasar pikul mundur ormas panah saksi polisi diam dukung;negative
ptmi gelora tolak;negative
aman polisi demo remaja pulang taucepattanpabatas beritaterkini beritaterkini newsupdate;negative
kasih nolak pabrik maaf lapang luas luas;negative
demonstrasi buruh tolak anti demo demo club tolakdemopasukannasbung;negative
atur hidup andal akal manusia atur sesuai selera kuasa islam landas quran sunnah akal fgdomnibuslaw tolakuuciptakerja;negative
ditanyain ubah;negative
selundup maaf mesti proses hukum;negative
selundup maaf mesti proses hukum hukum jokowipenjualnegara jokowipenjualnegara;negative
sbsi sbsi rapat bahas tolak;negative
atur ibadah bang agama konpers;negative
kali sakit rkuhp deret cacat komodo banyaaaak lelah pakde ngejabat periode wkwk;negative
feri ubah subtansi langgar prosedur atur nomor bentuk peraturanperundang sehrsnya hukum komik rezimdiktatorkonstitusional;negative
juta tidak punya pekerjaan ulah suara demonstran ultimatum keri;negative
fuck kuliah pensiun tidak dapat sangon biaya bagaimana jing wkwk;negative
salah salah anggota ngesahin;negative
gaikut bayar buruh gaikut promo dukung demo anarkis janji naikin upah benar dipites jerawat;negative
seru lawan;negative
gejolak drama marah tingkat rendah;negative
gilir kompak rezimdiktatorkonstitusional partai;negative
gugat buruh gelar aksi nasional;negative
gugat utas alfisyah dianasari;negative
guru dosen kampus nama tolak;negative
bilang bodoh kawan bodoh bilang bodoh jilat pantat rezim;negative
nolak vaksin pnjarain coba keluarga tewas wercok keras denda smua lanjut usia tolak dvaksin pmrintah tolol anjing bangsat;negative
udang batu teken atur otoriter sosialis;negative
tolakomnibuslaw tolakuuciptakerja;negative
kspsi kspi duet pimpin demo tolak download aplikasi tribunnews update berita android;negative
iblis bang sekolah bang narasi;negative
;negative
alas tolak;negative
berantas oknum birokrasi bentuk tindak sulit urus surat surat;negative
bianya tolak buruh gelar aksi serentak nasional;negative
suruh dukung celaka;negative
ayom masyarakat pajak kriminal demo timbul akibat;negative
insyaallah sejahtera tolak tertawa;negative
inti promo sosialisasi virus dosis sinovac stop pergi jungkir sampah tnpa negoisasi;negative
inti bodoh;negative
investasi lantjar djaja krisis;negative
bayang gulung tikar ancam pidana mati udang rempeyek;negative
mangga sontoloyo penandatangan;negative
investasi urgensi paksa kondisi gawat darurat tidak minat investasi ekonom lokadataid;negative
saitama mukulin;negative
tertawa aksi tolak demo turun balaikota alas bijak kerap berangan pempus massa demonstran tolak cilaka ketawa;negative
sosial media gadget alat lawan oligarki rusak kesah buzzer rupiah cabutomnibuslaw kitabelummenang mositidakpercaya hentikanrepresifitasaparat jrbukanjalankeluar;negative
tolak aksi kesah massa massa;negative
dukung anak menantu sebalum batal;negative
kecoh alih isyu serang smpai pergi remuk remuk pdip fokus internal;negative
tanda tangan buruh ancam demo;negative
teken lusa kspi serikat buruh gelar aksi nasional uuciptakerja;negative
munafik janji indosat;negative
kalimat cocok batalkanuuomnibuslaw dukungaksimahasiswa kembalikanmandatrakyat akibat jujuran menghianati atur mafia kejar target;negative
sopir mabuk tumpang ugal ugalan kena mprop;negative
teken buruh demo;negative
takut ajak debat tolakomnibuslaw tolakuuciptakerja;negative
salah utama jegal;negative
khawatir perempuan pasca kesah prediksi jamin lindung rugi perempuan islam pandang simak channel cintanabicintapanjirasulullah;negative
khawatir perempuan pasca kesah prediksi jamin lindung rugi perempuan beban;negative
pbnu sorot petaka;negative
demo dukung bisnis tutup situasi sulit provokasi demo mikir egois;negative
krusial bebas responsif renovasi mesjid istiqal pdhl mnrt informasi sholat rajin shrsnya rajin sholat sensitif thdp ketidakadilan;negative
komodo gusur protes uppps bang politik pinterpolitik infografis;negative
kontras cacat hukum tangkap aktivis tolak;negative
kontroversi buruh lawan mahasiswa lawan;negative
kspi ancam gelar aksi teken buang badan aksi sidang paripurna fraksi demokrat interupsi legislatif review;negative
kspi desak legislative review;negative
kucing berak sembarang putus wahahaha;negative
llkalau proses izin kebun izin proses cepat barisanprokerja ciptakerjalindungialamp;negative
mahasiswa aksi tolak;negative
mahasiswa bakar mahkamah konstitusi mositidakpercaya joko widodo aruf amin mekanisme nagara alat rezim;negative
mahasiswa topeng salvador bakar;negative
mahasiswa padang dukung petisi tolak;negative
mahasiswa demo alun alun purwokerto tolak tema kondangan pemkab;negative
mahasiswa bakar draft cilaka aksi bakar simbol tolak mositidakpercaya;negative
massa buruh aksi demo tolak;negative
massa demo tolak;negative
masyarakat tolak tempuh langkah hukum judicial review mahkamah konstitusi anti demo demo club tolakdemopasukannasbung;negative
bahas rancang ketenagakerjaan buruh tolak;negative
takar absah otak atik tolakomnibuslaw tolakuuciptakerja batalkanomnibuslaw;negative
lebih baik tolak;negative
abdi juang nasib suara otak jiwa raga nyata bahaya nasib anak cucu jual asset;negative
ketenagakerjaan fauziyah paham aksi demo serikat buruh mahasiswa tolak aspirasi anti demo demo club tolakdemopasukannasbung;negative
ganggu usaha tolak;negative
miris dampak;negative
mmenteri ketenagakerjaan fauziyah paham aksi demo serikat buruh mahasiswa tolak aspirasi anti demo demo club tolakdemopasukannasbung;negative
morningspirit tribun jogja paguyuban setan politik aksi unjuk halaman dprd rangka tolak smartfmjogja;negative
bukti independensi unsur masyarakat pandang milik gejala independen sikap hakim;negative
lempar handuk presidenya logika kacau hilang libat pergi perpu batal cacad hukum clear akumulasi pergi mandat;negative
ngejelasin ndableg;negative
usul;negative
pakar hapus salah atur alas;negative
pakar;negative
nasib buruh ambang nestapa hitung tuai kontroversi resmi kesah timbul tanda masyarakat simak infografis;negative
ngotot;negative
pantes kebut;negative
pantesan kran duit tutup;negative
anggota menunujuk moralanya anggap manusia slalu ubah ciri pilih bejad;negative
demo tuntut batal disiplin masker regulasicepatumkmsejahtera;negative
mimbar akbar tolak anggap tempometro;negative
bangkang tolak suruh bunuh bebas tanggung;negative
bentuk panitia demo;negative
bijak paksa skrg tolak kalang;negative
cinta bentang spanduk tolak jembatan layang pasopati bandung darisuara;negative
main kotor transparasi informasi kebiri ambisi dinasty hiruk pikuk gaduh negri ambisi kuasa putra mahkota busserrp influencer alibi politik transaksional dalih investasi;negative
alih kawal;negative
alih kawal tolak;negative
unjuk medan merdeka barat arah tugu tani elshintaedisisiang;negative
dialog buruh;negative
massa gelar aksi tolak tugu proklamasi;negative
mahasiswa bandung tolak;negative
mahasiswa bandung tolak mositidakpercaya pembangkangansipil;negative
tualang sherina lawan;negative
politikus nasdem;negative
portaljabar kalang buruh aksi unjuk tolakomnibuslaw tolakuuciptaker tolaknonkenaikanump demoburuh;negative
contoh stop kriminalisasi stop kebiri aneh konsisten;negative
puluh buruh turun tolak tuntut;negative
puluh buruh demo tolak;negative
puluh buruh geruduk gugat;negative
refleksi banyuwangi tolak;negative
rezim gagal fokus mecahin konsentrasi pokok fokus;negative
rezim impor pangan impor;negative
rezim halal haram peran sepele;negative
rezim halal haram peran sepele muslimah news;negative
rezim halal haram peran sepele muslimah news;negative
rezimdiktatorkonstitusional demo tolak bebas anarkis tangkap;negative
rezimdiktatorkonstitusional rezimdiktatorkonstitusional drama minyak dan gas bumi sengaja lalai;negative
buruh demo tolak beritajogja jogja jogjaistimewa;negative
buruh turun demo tolak;negative
mahasiswa buruh demo tolak;negative
mahasiswa ternate demo tolak mositidakpercaya pembangkangansipil;negative
massa demo kalang buruh mahasiswa padat area samping arjuna wiwaha padat kawasan bundar bank;negative
ricuh demo kapolda mahasiswa aman bebas demomahasiswa uuciptaker;negative
said aksi demo laksana tanda tangan kabar nasional;negative
suara tuntut rakyatbergerak batalkanomnibuslaw mositidakpercaya pembangkangansipil;negative
mengaku komunikasi publik jelek massa covid massa jelek komunikasi tinggal tunggu;negative
kader demokrat juang aspirasi tolak;negative
buruh aksi demonstrasi nasional tolak tuntut aksi demonstasi pagiindah;negative
demo buruh gugat;negative
buruh geruduk gugat berita;negative
buruh geruduk gugat darisuara;negative
buruh gelar aksi unjuk tolak;negative
buruh demo tolak bijak;negative
kemarin garuda kryawannya skrg gilir hsbc kryawannya sbyk nasib;negative
simak tolak tokoh meja waktunyamilenialberbisnis;negative
buruh gelar aksi serentak;negative
mahasiswa tanjungpinang unjuk tolak;negative
suruh indo lockdown gagal nurunin awan gagal batalin gagal gagal melulu proyek pulau komodo sikaaaaat;negative
taiklah batal nggk jorrf;negative
buruh aktivis anak cucu kritik luhut;negative
tanggap demo anarkis tolak;negative
tolak;negative
gelombang demonstrasi rangka tolak abai prokes kovid umkmsuburburuhmakmur;negative
fokus tolak bakar jagung alih rezim;negative
tangkap bakar demo harun tangkap hilang teori logika konspirasi rekayasa;negative
tangkap bakar demo harun logika rekayasa;negative
tindak anarkhis picu hoax diplintir sengsara nasib kaum buruh pilkadasehattanpahoax;negative
tolak gagal ganggu stabilitas nasional;negative
tolak keras massa buruh mahasiswa bakar;negative
tolak amuh gelar aksi;negative
tolak buruh banten aksi tangerang mositidakpercaya pembangkangansipil;negative
tolak buruh;negative
tolak trisakti turun aksi;negative
tolak lucunyademokrasinegeriku lucunyademokrasinegeriku;negative
tolak mahasiswa bawa keranda;negative
tolak mahasiswa gunadarma mercubuana patun;negative
tolak pemudabangkitlawanrezim kakak awas jatuh cinta;negative
tolak perempuan perempuan lawan kaca mata;negative
tolak tuai simpati pemilihan kepala daerah siak;negative
tolak;negative
tolak demo;negative
tolak buruh provinsi gelar demo serentak bisnis mositidakpercaya pembangkangansipil;negative
tolak buruh demo konfederasi serikat kspi said iqbal wilayah jabodetak aksi demo buruh mahkamah konstitusi kumpul;negative
tolak ylbhi bangkang mositidakpercaya pembangkangansipil;negative
tolak mahasiswa gelar aksi ngarsopuro tahan hujan;negative
tolak mahasiswa gelar aksi ngarsopuro tahan hujan tribun solo mositidakpercaya pembangkangansipil;negative
tolak buruh provinsi gelar aksi serentak;negative
tuntut buruh aksi serentak;negative
uncle suga edit setneg kanigoronewsline karikatur japrakusil uuciptaker uuciptakerjaalatpenjajahan;negative
sengsara manusia rusak semesta;negative
pandang rawan korupsi;negative
viral narasi bongkar dalang bakar demo;negative
viral narasi bongkar dalang bakar demo linetoday bisniscom polri usut kadal brengzek publik diblakang kadal;negative
dedemit setan dunia tolakomnimbuslaw;negative
fraksi mulyanto geram insiden cantum minyak dan gas bumi anggota badan legislasi usut tuntas rezimdiktatorkonstitusional;negative
cuan gara kena krisis;negative
hapus bukti cacat prosedur;negative
batal;negative
serah buruh gugat;negative
raya konferensi pers tolak;negative
aksi tolak;negative
aksi tolak bemsi tolakomnibuslaw tolakomnibuslaw tolakomnimbuslaw uuciptakerja uucilaka;negative
unfaedah;negative
plin plan;negative
hoaks fakta uuciptakerja;negative
hoax fakta;negative
konsep sengketa regulasi;positive
bidang bidang usaha prioritas daftar prioritas investasi berkat wujud visi bangsa wujudkanvisiindonesiamaju;positive
tolak dilatarbelakangi disinformasi substansi hoax media sosial manfaatuuciptakerja utama sederhana izin lapang tumpas pungli;positive
ruang usaha proses perijinan sederhana mudah usaha umkm ternaksapi ciptakerjabermanfaat;positive
mudah wujudkanvisiindonesiamaju;positive
investor bondong bondong lapang masyarakat wujudkanvisiindonesiamaju;positive
lapang masyarakat regulasimudahusahalancar;positive
adik adik mahasiswa mudah hadir;positive
airlangga puji terobos historis;positive
airlangga filosofi miskin;positive
airlangga bawa hindar middle income trap;positive
airlangga terobos historis desa paksa sederhana mangkas atur belit airlangga dorong hambat;positive
airlangga atur sertifikasi halal umkm gratis;positive
akademisi sederhana regulasi regulasimudahusahalancar;positive
alas butuh hindar duduk jebak middle income trap galaxys solusiuntukekonomi langkahbaikatasimasalah;positive
alhamdulillah jamin damping upaya kembang umkm bersamajokowiekonomikuat maju;positive
alhamdulillah kabar syukur buruh untung mafia buntung obljaminhakburuh;positive
alhamdulilllaaah berkah terimaksih informasi bahagia barisanprokerja stopbelieskrimaice;positive
alhamdulilllaaah berkah terimaksih informasi bahagia barisanprokerja sugiknur sugik;positive
anak muda kreatif tunggu uuciptakerja;positive
anggota baleg;positive
anggota kalah;positive
klaster ketenagakerjaan komponen literasi malas ratus halaman draft manfaatuuciptakerja;positive
mudah impor ciptakerjalindungialam;positive
asosiasi emiten sambut kesah sapu jagat dampak positif pasar modal jangka buruh untung mafia buntung obljaminhakburuh;positive
asyik berkat hadir sektor umkm dapat mudah salah izin usaha regulasicepatumkmsejahtera;positive
awas kovid hindar ramai masker regulasimudahusahalancar;positive
awas kovid hindar ramai regulasimudahusahalancar bonus demografi manfaat maksimal usia jmlh duduk usia produktif dukung tumbuh;positive
awas kovid hindar kerumun regulasimudahusahalancar mudah ramping perijinan umkm erak nasional;positive
bahlil investasi lapang fasilitas jamin mahasiswa kuliah;positive
demo lulus demo;positive
bang siksa cerdas restu;positive
sektor property bersamadukungomnibus;positive
bank dunia bisnis tarik investasi lapang rang miskin dejavu sumber;positive
bank dunia pulih bersamajokowiekonomikuat;positive
bank dunia dukung joko widodo buruh untung mafia buntung obljaminhakburuh;positive
bank dunia butuh maju ramping birokrasi wujudkanvisiindonesiamaju barisanprokerja;positive
bank dunia world bank lapang makmur bantu rang miskin awas kovid hindar ramai regulasimudahusahalancar;positive
bank tanah bersamadukungomnibus;positive
hoax jelek mata manusia semangat positip mudah kemaem grandongnya hoax omnibuslawuntukumkm;positive
dampak positif dukungterusomnibuslaw;positive
kabar hoax sebar berpkiran negatif untung bantu lhoo informasi filter wujudkanvisiindonesiamaju;positive
lapang duduk main main manfaat regulasimudahusahalancar;positive
manfaat manfaatuuciptakerja;positive
manfaat bersamadukungomnibus;positive
manfaat lapang luas usaha birokrasi mudah maju manfaatuuciptakerja;positive
ganggu pekerjaanya nikmat istirahat ciptakerjabermanfaat;positive
usaha antri investasi bawa manfaat salah lapang pekerjaaan obljaminhakburuh;positive
usaha antri investasi bawa manfaat salah lapang pekerjaaan regulasimudahusahalancar;positive
sulit cari butuh hadir bantu mudah cari regulasicepatumkmsejahtera;positive
manfaat bangkit stop provokasi stop hoax;positive
dampak geliat industri minum gairah barisanprokerja obljaminhakburuh;positive
hoax fakta tenaga regulasicepatumkmsejahtera uuciptakerja omnibuslawuntukrakyat;positive
hoax fakta tenaga uuciptakerjaharapanrakyat;positive
fokus investasi fakta bijak fokus sejahtera paham cermat salah paham manfaat;positive
bbrp untung ditujukaj stimulus tumbuh dukungpenuhomnibuslaw awasjadikorbanhoaxomnibus;positive
investasi kuasa hoax kuasa dinasti kaltim lahan hektar mudah awas kovid hindar ramai regulasimudahusahalancar;positive
trobosan breakthrough bangkit cepat dunia;positive
ledak usia produktif lonjak sedia lapang barisanprokerja wujudkanvisiindonesiamaju;positive
akselerasi cepat jawbannya kejar tinggal sektor barisanprokerja regulasimudahusahalancar;positive
harap hadir relaksasi izin koperasi disiplin masker regulasicepatumkmsejahtera;positive
berkah sertifikasi halal gratis;positive
berkat jepang investasi tanah mega proyek sobatantilowbat optimalisasiekonomimaju rakyatprioritasutama;positive
berkat kerj investor hadap rumit birokrasi demo pedulinasibpencarikerja;positive
berkat urus investasi lembaga pimpin investor hadap rumit birokrasi demo pedulinasibpencarikerja;positive
berkat urus investasi lembaga pimpin demo pedulinasibpencarikerja;positive
berkat investor hadap rumit birokrasi demo pedulinasibpencarikerja;positive
berkat umkm damping kembang disiplin masker regulasicepatumkmsejahtera;positive
berkat umkm damping kembang uuciptakerja;positive
dukung maju jaga kovid ciptakerjalindungialam;positive
;positive
janji investor tenaga luas awas kovid hindar ramai regulasimudahusahalancar;positive
bersamadukungomnibus bank tanah reformasi agraria manfaat tanah tuan lantar data didayagunakan;positive
bersamadukungomnibus masyarakat hasil rendah milik murah badan cepat selenggara ngontrak umur hidup;positive
bersamadukungomnibus ragu bebas pungli;positive
bersamadukungomnibus banyak manfaat salah bidang informasi komunikasi pasuk global;positive
bersamadukungomnibus salah manfaat adalah transformasi digital nasional milik jaring dukung global daya saing adaptif kembang;positive
bersamadukungomnibus untung bank tanah bentuk lembaga bank tanah menginventarisir tanah lantar distribusi;positive
bersamadukungomnibus tinggal butuh manusia desa kota peran wujud masyarakat hasil rendah bersamadukungomnibus;positive
bersamadukungomnibus hapus pungli birokrasi perijinan dengan pintu mmbuka peluang pungli dengan online single submission daftar usaha online cepat;positive
bersamadukungomnibus dorong mangkas perijinan proses perijinan optimal online hindar pungli;positive
syukur ormas sayang anjur tunda pemilihan kepala daerah nasehat ormas abai rohani;positive
kemudi manfaat kaum buruh lapang investasi;positive
mudah usaha mikro umkm koperasi poin untung umkm koperasi atur;positive
bhdunia daya maju covid covid coronavirus;positive
paham fakta korban hoax wujudkanvisiindonesiamaju;positive
bijak hadap hoaks;positive
bijak hadap hoaks ciptakerjalindungialam;positive
bijak hadap hoaks regulasimudahusahalancar;positive
implementasi tawar mudah investasi susul mangkas regulasi izin usaha investasi disiplin masker regulasicepatumkmsejahtera;positive
bingung manusia kontra ampe nyindir dosen anjing apas dosen cons urus jatohnya ngerendahin cons hebat;positive
bkpm juta lapang;positive
demo saudara bawa pabrik relokasi indon implementasi beliau sejahtera beliau beliau sehat afiat amin;positive
buruh tarik investasi halang banyak investasi banyak lapang kalian kelak mnjdi pahlawan pahlawan mmbntu penggaguran;positive
tolol modal banyak bicara otak teriak mekanisme bego pantesan mengerti mekanisme hukum tata;positive
budi sulistyono buruh justri regulasimudahusahalancar;positive
bukti imbang buruh larang pecat buruh ibadah haji barisanprokerja buzzer sherlock holmes official pulau rinca;positive
buruh luas lapang barisanprokerja obljaminhakburuh;positive
cantik simbois mutualisme hubung untung buruh tolak karena rugi cantik lucu lembaga ngurusi cacat produk eradouble;positive
cari fakta timbang turun aksi paham cermat tindak dukungterusomnibuslaw;positive
putus jalur birokrasi cepat umkm sejahtera barisanprokerja regulasicepatumkmsejahtera;positive
terobos regulasi investasi nolak lawan politik gagal move;positive
bantu umkm dorong kembang kualitas;positive
komitmen mudah regulasi lapang regulasimudahusahalancar;positive
lindung tenaga;positive
maju;positive
maju;positive
coba ubah pangan bacasebelumprotes ciptakerjabangunbangsa bersatuindonesiamaju;positive
commitment lantik bonus demografi tantang skaligus merivisi atur lintas sektoral dongkrak barisanprokerja regulasimudahusahalancar;positive
congrats president teken barisanprokerja regulasimudahusahalancar;positive
istirahat tolak bersamajokowiekonomikuat;positive
jamin lindung umkm industri nasional wujudkanvisiindonesiamaju;positive
umkm hukum pertanggungjawaban ukur usaha urus sertifikasi halal badan selenggara jamin produk halal bpjh lembaga periksa halal;positive
tenaga wujudkanvisiindonesiamaju;positive
tenaga hubung jabat manfaatuuciptakerja;positive
dampak dampak positif regulasicepatumkmsejahtera;positive
dampak positif gait investasi demo buruk pemudabangkitkanekonomi;positive
dasar hapus dukungomnibuslaw;positive
manfaat buruh suara keluh takut ancam regulasimudahusahalancar;positive
manfaat buruh suara keluh takut ancam wujudkanvisiindonesiamaju;positive
buruh buruh buruhbersamajokowi;positive
bumdes harap saing kembang maksimal wujudkanvisiindonesiamaju barisanprokerja;positive
omnilaw manfaat umkm mudah urus izin obljaminhakburuh;positive
omnilaw manfaat umkm mudah urus izin wujudkanvisiindonesiamaju;positive
umkm bantu disiplin masker regulasicepatumkmsejahtera;positive
hukum investor bisnis wujudkanvisiindonesiamaju;positive
anggur jaga kovid ciptakerjalindungialam;positive
uuciptakerjauntukindonesia;positive
kapital pasar modal tumbuh pesat buruh untung mafia buntung obljaminhakburuh;positive
lapang masyarakat wujudkanvisiindonesiamaju;positive
investor investasi saham lapang masyarakat regulasicepatumkmsejahtera uuciptakerja omnibuslawuntukrakyat;positive
lapang umkm jamin brikut manfaatuuciptakerja;positive
sahkan umkm sejahtera sulit covid jokowipeduliumkm;positive
investor lapang lindung lawanhantuinvestasi;positive
swasta kelola terminal ringan beban apbn apbd awas kovid hindar ramai regulasimudahusahalancar;positive
izin usaha mudah harap flesibilitas investasi umkm laksana hasil lapang usaha kembang serap tenaga regulasicepatumkmsejahtera;positive
mudah izin usaha dukung korupsi pungli galaxys langkahbaikatasimasalah solusiuntukekonomi;positive
sertifikasi halal biaya rupiah gratis umkm salah manfaat manfaatuuciptakerja;positive
mudah masyarakat usaha mikro usaha regulasi tumpang tindih prosedur rumit pangkas izin usaha usaha mikro daftar simpel;positive
mudah masyarakat usaha mikro usaha regulasi tumpang tindih prosedur rumit pangkas izin usaha mikro daftar manfaatuuciptakerja;positive
pegawai kontrak pegawai;positive
sejahtera umkm perhati jokowipeduliumkm;positive
golkar airlangga terobos demokratis paksa;positive
umkm perhati jokowipeduliumkm;positive
disiplin masker regulasicepatumkmsejahtera dukung;positive
donttt worryyy sederhana mudah proses izin regulasicepatumkmsejahtera;positive
dukung;positive
dukung sejahtera dukungpenuhomnibuslaw;positive
dukung wujud mandiri dukungpenuhomnibuslaw;positive
dukung dukunguuciptakerja;positive
dukung sejahtera buruh dukungpenuhomnibuslaw;positive
dukung dukung bebas miskin anggur obljaminhakburuh;positive
dukungomnibuslaw buruh butuh slogan dukungomnibuslaw bersamadukungomnibus uuciptakerjaharapanrakyat butuh adalah tuntut buruh mata najwa kspi fsbsi kompas tvonenews lawyers club;positive
ekenomi bangkit karena dukungterusomnibuslaw;positive
tolak hoaks nurani akal kritis bedah bobrok salah komunikasi pmerintah salah prosedur bahas cacat terlanjur kebelet jambret investor rakus;positive
fakta salah sambut maulid jaga bersamapulihkanekonomibangsa;positive
fakta lapang uuciptakerjaharapanrakyat;positive
bukti mudah umkm jokowipeduliumkm;positive
milik komitmen reformasi struktural dorong tumbuh kesah mudah investasi demo pedulinasibpencarikerja;positive
infografis dorong kembang produk bisnis halal dukung upaya jamin mudah bisnis produk halal manfaatuuciptakerja;positive
investasi buruhpastimakmur indonesiamaju;positive
bang dukung ubah cepat;positive
provokasi hasut tidak manfaat disiplin masker regulasicepatumkmsejahtera;positive
mantap mantap disiplin masker regulasicepatumkmsejahtera;positive
umkm mudah kembang bisnis;positive
daya perempuan dilahat sudut dukung umkm mayoritas umkm perempuan hujan lapang barisanprokerja hobi pogba;positive
libat publik susun bahas kali bahas intensif libat partisipasi publik intisari hasil kaji ahli proses transparan manfaatuuciptakerja;positive
pbnu said aqil siraj adab hadap kontra omibus ajak judicial review omnibussejahterakanrakyat demopicukorona;positive
kronologi bersamajokowiekonomikuat;positive
lawanhantuinvestasi pintu izin rumit;positive
manfaat jamin hukum bersamadukungomnibus;positive
manfaat jamin hukum jamin lindung hukum ultimum remedium sanksi bantu mendptkan hukum bersamadukungomnibus;positive
manfaat mudah usaha mikro umkm daftar kaya intelektual mudah dengan bersamadukungomnibus;positive
manfaat;positive
cermat fakta manfaat dukungterusomnibuslaw;positive
tilik manfaat;positive
milenial dukung umkmsuburburuhmakmur;positive
milenial dukung umkmsuburburuhmakmur;positive
bukti janji kampaye realisasi salah alat revolusi mental pesan bebek kalimantan harga demontrasi;positive
adil;positive
kendala regulasi mudahcarikerja;positive
bawa jepang investasi tanah jepang mantab maju bidang infrastruktur kereta semi cepat jalur surabaya sobatantilowbat optimalisasiekonomimaju rakyatprioritasutama;positive
klaster ketenagakerjaan sejahtera buruh;positive
manfaat omnibusprorakyat;positive
bentuk bank tanah anakbyu kebenaranuntukrakyat banyakmanfaatuntuksemua;positive
paham outsourcing bersamadukungomnibus;positive
sangon untung buruh;positive
sangon untung buruh dukungpenuhomnibuslaw;positive
patut dukung bersamadukungomnibus;positive
libat swasta kembang alutsista sektor industri tahan dinamis progresif investasi;positive
bantu kembang umkm regulasicepatumkmsejahtera;positive
provinsi rencana laksana dorong siswa aktif diskusi kontra rancang metropolitan adadikompas;positive
urus izin umkm belit abai prokes kovid umkmsuburburuhmakmur;positive
budak negeri lapang;positive
yakan gampang urus;positive
tumbuh tingkat;positive
tumbuh iklim investasi berkat lapang mudah menperoleh sejahtera sambut maulid jaga bersamapulihkanekonomibangsa;positive
ubah mudah impor pangan;positive
sangon untung bang hotman ulas simak;positive
reformasi struktural umkm;positive
salah reformasi struktural mudah usaha umkm;positive
regulasi nasional regulasi tumpang tindih hukum rombak sederhana tradisi terbit mudahcarikerja sapu bersih mafia regulasi;positive
puji syukur mudahcarikerja berkat untung masyarakat;positive
salah upaya basmi korupsi simak omnibuslawbasmikorupsi;positive
cinta nkri kader tolak tanda tangan lapang angkat mengganggur covid;positive
dukung;positive
;positive
deret dampak positif;positive
deret dampak regulasicepatumkmsejahtera;positive
sejahtera mudahcarikerja sapu bersih mafia regulasi;positive
sejahtera tani dukung;positive
dukung letsgoo;positive
silah abai prokes kovid umkmsuburburuhmakmur;positive
simak fakta hoax omnibusprorakyat;positive
sisi positif hadap covid lapang kran investasi tekan laju tumbuh lapang teladan nabi cegah wabah waktunyamilenialberbisnis;positive
sisi positif hadap covid lapang kran investasi tekan laju tumbuh teladan nabi cegah wabah waktunyamilenialberbisnis;positive
kenal sayang kenal tolak manfaat lawanhantuinvestasi;positive
tegak hukum langgar langgar analisis dampak lingkung ciptakerjalindungialam;positive
teladan nabi cegah wabah waktunyamilenialberbisnis paham;positive
usaha gelisah investor leluasa usaha paham lawanhantuinvestasi;positive
minat investor mudahcarikerja sapu bersih mafia regulasi;positive
demo;positive
omnibusprorakyat kepala staf moeldoko;positive
umkm bantu berkat;positive
urgensi disiplin masker regulasicepatumkmsejahtera;positive
dampak investasi disiplin masker regulasicepatumkmsejahtera;positive
dampak positif disiplin masker regulasicepatumkmsejahtera;positive
dampak investasi disiplin masker regulasicepatumkmsejahtera;positive
lapang lebar;positive
regulasicepatumkmsejahtera;positive
maju uuciptakerja lawanhoax tolakprovokasi ciptakerja omnibuslawbangunbangsa omnibuslawburuhsejahtera uuciptakerja uuciptakerjaharapanrakyat uuciptaker;positive
bangkit investasi mangkas birokrasi investasi kompetitif enakbuatngilanginhaus kerjanyatauntukrakyat wujudkanekonomimaju;positive
sisi hasut hoax hutang maksud batal klarifikasi informasi konten negatif;positive
usaha internasional antre omnibusciptakerja;positive
susun untung berat buruhmajubersamaomnibus;positive
efektif ratus investasi antri;positive
efektif ratus investasi antri bukti tumbuh iklim uuciptakerja;positive
efektif ratus investasi antri waktunyamilenialberbisnis;positive
terobos wujud cita cita maju barisanprokerja waktunyamilenialberbisnis;positive
karpet merah batu bara analisis;positive
pulih;positive
bawa reformasi struktural benah regulasi birokrasi buruhmajubersamaomnibus;positive
lapang akselerasi investasi buruhmajubersamaomnibus;positive
produksi pangan domestik lindung tani waktunyamilenialberbisnis;positive
mudah perijinan omnibusprorakyat;positive
niat umkm kembang pesat ganti izin usaha daftar umkm mudah modal minimal galaxynote bersatudanbekerjasama memberikemudahanrakyat;positive
pangkas proses usaha belit waktunyamilenialberbisnis;positive
mangkas birokrasi gemuk gemuk oknume gemuk aturane saiki gemuk ramping supoyo masyarakat podo untunge buruhmajubersamaomnibus;positive
usaha internasional antri dukungpenuhomnibuslaw;positive
abai korporasi usak lingkung ciptakerjalindungialam;positive
rusa lingkung ciptakerjalindungialam;positive
legal lahan bakar ciptakerjalindungialam bersatuindonesiamaju;positive
umkm gudang untung;positive
konsep kusut;positive
ruang umkm nelayan kembang manfaat sumber daya laut galaxynote bersatudanbekerjasama memberikemudahanrakyat;positive
lapang harap dampak positif tingkat taraf hidup masyarakat dukungpenuhomnibuslaw;positive
lahir bijak inibsgt saing iklim global perkembgn tehnologi merespon sistim regulasi adaptable sofyan djalil kepala badan tanah nasional omnibusprorakyat;positive
lurus proses izin investasi omnibusberimanfaatbaik;positive
dampak positif sektor tani omnibusprorakyat;positive
mudah kalang usaha omnibusprorakyat;positive
peluang bersamapulihkanekonomibangsa;positive
lapang sekuas luas buruhmajubersamaomnibus;positive
peluang investor pabrik usaha calon omnibusprorakyat;positive
nasional tingkat investasi uuciptakerja pedulinasibpencarikerja;positive
masyarakat turun akibat covid omnibusprorakyat;positive
nasional masyarakat bersamapulihkanekonomibangsa;positive
cepat tingkat investasi luas lapang waktunyamilenialberbisnis;positive
mudah mangkas izin usaha salah online buruhmajubersamaomnibus;positive
misi tumbuh cepat tumbuh gaet investor mudah ijin investasi lapang luas luas omnibusprorakyat;positive
mudah masyarakat umkm urus izin omnibusprorakyat;positive
mudah investor investor omnibusberimanfaatbaik;positive
mudah izin usaha lapang luas kereasi anak bangsa salur bersain pasar golobal buruhmajubersamaomnibus;positive
tingkat lapang mudah waktunyamilenialberbisnis;positive
proses izin risiko integrasi portal tunggal online single submission urai atur tumpang tindih mudahcarikerja;positive
dorong umkm digitalisasi mudah anak muda koprasi omnibusprorakyat;positive
dukung upaya berantas korupsi sederhana potong integrasi izin elektronik pungut liar hilang mudahcarikerja;positive
anggur miskin senjang hilang hambat atur dukung iklim investasi buruhmajubersamaomnibus;positive
atur hulu hilir izin umkm biaya akses pasar rantai pasok abai prokes kovid umkmsuburburuhmakmur;positive
kembang uang syariah buruhmajubersamaomnibus;positive
kembang uang syariah uang syariah milik potensi kembang galaxynote bersatudanbekerjasama memberikemudahanrakyat;positive
hapus batas investasi sinyal bisnis bantu tarik investor lapang bantu rang miskin waktunyamilenialberbisnis;positive
tingkat investasi lapang uuciptakerja omnibusprorakyat;positive
anggur iring investasi lapang luas aelyn halim hipmi bawa iklim positif investasi omnibusprorakyat;positive
kunci bawa maju meruntuhkn hambat mudah izin birokrasi maju umkm berantas pungli tarik investasi menciptakn lapang demo pedulinasibpencarikerja;positive
jamin cepat proses sertifikasi halal lembaga periksa halal luas lingkup ormas islam abai prokes kovid umkmsuburburuhmakmur;positive
buruh;positive
sederhana sinkronisasi regulasi hambat lapang buruhmajubersamaomnibus;positive
langkah reformasi struktural tingkat investasi negeri lapang sambut maulid jaga bersamapulihkanekonomibangsa;positive
wujud reformasi hukum potensi bangsa tutup celah korupsi buruhmajubersamaomnibus;positive
mudahcarikerja sapu bersih mafia regulasi;positive
cepat maju sektor maritim ruang umkm nelayan kembang manfaat sumber daya laut payung hukum cepat akselerasi sektor maritim buruhmajubersamaomnibus;positive
mudah usaha uuciptakerja;positive
peluang pulih nasional pulih global sambut maulid jaga bersamapulihkanekonomibangsa;positive
manfaat usaha mikro bersamapulihkanekonomibangsa;positive
sejahtera tani mudahcarikerja;positive
sejahtera maksud sejahtera makmur jamin konsideran rektor universitas katholik parahyangan mangadar situmorang omnibusprorakyat;positive
mudah koperasi omnibusprorakyat;positive
bangsa;positive
dukung umkm usaha maju umkmsuburburuhmakmur;positive
lindung lindung cari omnibusprorakyat;positive
mengahpus wenang omnibusprorakyat;positive
ubah arah sambut maulid jaga bersamapulihkanekonomibangsa;positive
untung buruh;positive
nasional hadap global hadap kovid wabah abai prokes kovid umkmsuburburuhmakmur;positive
untung masyarakat desa segi sambut maulid jaga bersamapulihkanekonomibangsa;positive
lindung lapang buruh pedulinasibpencarikerja;positive
sejahtera buruh mudahcarikerja sapu bersih mafia regulasi;positive
lindung kontrak upah minimum lembur;positive
peluang lapang bangkit giat waktunyamilenialberbisnis;positive
selamat umkm abai prokes kovid umkmsuburburuhmakmur;positive
untung abai prokes kovid umkmsuburburuhmakmur;positive
untung umkm;positive
waketum peluang akselerasu investasi anggur miskin senjang buruhmajubersamaomnibus;positive
sebenernya;positive
manfaat teladan nabi cegah wabah waktunyamilenialberbisnis;positive
tolak manfaat oblmudahbangunusaha;positive
nolak daftar omnibussejahterakanrakyat demopicukorona;positive
kalah jamin lindung buruhmajubersamaomnibus;positive
nolak purba teladan nabi cegah wabah waktunyamilenialberbisnis;positive
simak omnibusprorakyat;positive
simak pesan opung anak anak muda barisanprokerja umkmsuburburuhmakmur;positive
yukk simak wenang pemerintah daerah hapus jawabanya dasar peran pemerintah daerah pemerintah daerah wajib nspk norma standar prosedur kriteria omnibusprorakyat;positive
yukk simak paja mudahcarikerja;positive
untung;positive
manfaat salah umkm cegah cluster kovid bersamajokowiekonomikuat;positive
dukung hilir nikel produksi barang laba lipat lipat banding ekspor bahan mentah;positive
dukung hilir nikel hadir tarik investasi lapang;positive
dukung implementasi bentuk dukung maju dukunhterusomnibuslaw;positive
dukung bijak mempaduserasikan regulasi tahan hutan lestari ciptakerjalindungialam;positive
dukung manfaat bersamadukungomnibus;positive
dukung cegah cluster kovid bersamajokowiekonomikuat;positive
dukung umkm dukung umkmnaikkelas bersatuindonesiamaju;positive
dukung untk investasi lapang luas;positive
dukung;positive
dukung bersamajokowiekonomikuat;positive
dukung lingkung hidup ciptakerjalindungialam;positive
