﻿Text;sentiment
ada berita sebanyak investor global salah satunya termasuk sumitomo mitsui yg menguasai dana investasi global sebesar us triliun tidak setuju dg adanya uu cipta kerja sebetulnya mereka stress atau panik;f
ada niat jahat di balik penyelundupan pasal cipta kerja;f
ada pasal hilang dari uu ciptaker benny k harman itu kecerobohan fatal;f
ada pasal hilang dari uu ciptaker politisi demokrat itu kecerobohan fatal;f
ada yang phk karyawan nya semena mena dengan pesangon kecil pantas saja menentang omnibus law tttihtu;f
ada yg bisa bicara dg preman tolong kalau ada bantu unt menjelaskan uu ciptaker ini dg bahasa preman juga jika jokowi tanda tangani uu ciptaker kspi kerahkan puluhan ribu buruh ke istana kami siap berdebat;f
ada yg punya sraan kudu tambah atau kurangin sesuatu konsep ketidakadilannya uu ciptaker untuk para buruh;f
agar tidak menjadi ramai dgn kegaduhan menjadi wajib untuk di batalkan hasil kerja bagai mafia itu batalkanuuomnibuslaw dukungaksimahasiswa kembalikanmandatrakyat;f
akan tetapi lebih dari itu kami melihat bahwa omnibus law ialah produk dari sebuah sistem masyarakat yang melandaskan kepentingan modal di atas segalanya oleh karenanya tidaklah cukup berjuang hanya dengan mencabut omnibus law ada banyak persoalan lainnya yang juga tidak;f
aksi massa hmi desak jokowi cabut omnibus law;f
aksi nasional november kspi jika presiden teken naskah uu ciptaker rakyat cirebon;f
aksi oknum perusuh demo tolak omnibus law rabu oktober patung kuda jakarta;f
aksi serikat pekerja di jatim juga akan menuntut kenaikan upah;f
aksi teatrikal warnai demo menolak uu cipta kerja di dprd sumbar arus lalu lintas tersendat tribun padang mositidakpercaya pembangkangansipil;f
aksi tolak omnibus law bandung oktober;f
aksi unjuk rasa atau demo menolak uu cipta kerja masih berlanjut beredar kabar aksi demo akan digelar lagi oleh;f
aksi unjuk rasa terkait pengesahan uu cipta kerja dan ump tahun rencananya akan dilakukan ribuan buruh pada senin besok anti demo demo club tolakdemopasukannasbung;f
aktivis mahasiswa independen menutup wajah dengan topeng salvador dali dan busana bertudung warna merah menyerupai karakter dalam serial televisi money heist di depan gedung mk hal ini dilakukan sebagai sebagai simbol penolakan publik cnnindonesia;f
aku rasa pemerintah tdk pernah berfikir ttg kepuasan rakyat publik sdh sgt cerdas melihat bahwa pemerintah cenderung mengikuti apa maunya cukong drpd kepentingan rakyat demi rakyat hanya dagangan kampanye tahunan setelah berkuasa rakyat dilupakan;f
alah pilar demokrasi sdh dihancurkan emang bisa percaya sama hakim mk soal urusan pemerintah pasal satpam yg elu ajukan mah pasal ecek gak ada urusan sama uang gede kayak omnibus law udahlah gak usah pura berperan jadi pengumpan ingat anak cucu loe entat yg susah;f
aliansi buruh kalsel suarakan mosi tidak percaya usai dpr ri tak hadiri tantangan debat uu ciptaker;f
ancaman aksi demo besar besaran mengintai bila jokowi teken uu cipta kerja;f
anda bilang kenapa menolak uu omnibus law karena proses sosialisasi yg kurang baik tiba ketok palu nah ini soal bantuan provinsi tahap dari launching kick off sudah x berubah nilainya tanpa sosialisasi juga mikir;f
anggap pemprov kaltim tak tegas tolak uu omnibus law mahasiswa akan kembali aksi saat hari sumpah pemuda;f
anggap saja benar setneg yg temukan dan dihapus setelah paripurna itu artinya ada pasal selundupan yg dilakukan dpr sehingga dihapus pemerintah set neg sdh selayaknya para anggota dpr di pidanakan sesuai uu krn menyelundupkan pasal;f
anggota panja ciptaker fraksi menyebut hilangnya satu pasal dalam uu ciptaker sebagai akibat dari kecerobohan yang fatal;f
anies dituduh dalangi demo uu ciptaker aktivis tuduhan sumir;f
apa jangan isu komodo dipake buat pengalihan isu uu ciptaker alah mboh wess aku mumet;f
apadaya nafsu politik dinasti lebih menggoda ketimbang issue pulau komodo dan uu ciptaker;f
apakah besok ada info demo omnibus law x sumpah pemuda;f
apakah jika namanya diganti dari uu cipta kerja menjadi uu cipta usaha akan banyak yang maklum;f
apakah proses pembuatan omnibus law bisa dimaknai sebagai keruntuhan ilmu perundang undangan klasik;f
artinya kita kudu nyantai tapi jelas kerjanya kali ya haha kebayang gimana beratnya bokap gue kerja di usia yg gak muda lagi masih kerja keras buat ngidupin keluarga eh malah skrg dihadang uu ciptaker;f
asosiasi haji dan umrah tolak sejumlah pasal di uu ciptaker karena tidak memihak masyarakat;f
ayo dong jangan niru kelakuan penguasa yang nambah kurang jumlah halaman ngubah kata amp kalimat dan tetep ngotot omnibus law disahkan;f
bagaimana makhluk itu dihormati jika memperlakukan rakyatnya spt binatang jika memperlakukan rakyat sebegitu buruk rasa²nya mustahil omnibus law ciptaker yg dipaksakan itu utk kebaikan rakyat presidencacatmoral;f
bagaimana mau keluar dari resesi kalau uu yang dibela mati matian adalah yang semacam uu ciptaker ini ciptakerbuktikezalimandemokrasi sejahteradengankhilafah;f
bakar aja yuk lagian pasti siklusnya gitu mulu memihak ke korporasi dengan alasan banyak membuka lowongan kerja tapi mematikan usaha ibu sama halnya uu ciptaker;f
barkat pandemi kalian bebas bikin omnibus law ruu ciptaker se enaknya dan buru buru mengesahkannya pdhl rakyat menolaknya cabutomnibuslaw batalkanciptaker;f
baru masyarakat pulau komodo di awal omnibus law suku asli indonesia makin lama bakalan kegerus satu persatu sampe baduy dibangun hotel atau penginapan semacamnya gua ikutan turun buat nolak;f
batalkan omnibus law;f
bbc news indonesia omnibus law uu cipta kerja berdampak pada hutan dan orang orang adat di papua warga kami akan terus pertahankan hutan papua oktober jokowipenjualtanah jokowipenjualtanah;f
bebaskan kawan ijul dan massa aksi omnibuslaw cipta kerja di makassar bebaskanijul mositidakpercata tandatangani petisi lewat;f
bebaskan kawan ijul dan massa aksi omnibuslaw cipta kerja di makassar bebaskanijul mositidakpercata tandatangani petisi via;f
bebaskan sahabat kami hentikan refresifitas kepada massa aksi hancurkan oligarki omnibus law bukan solusi jangan diamini intruksidarijerujibesi mahasiswaindonesiamenggugat bebaskanaktivismahasiswa hentikanrefresifitasaparat tolakomnibuslaw;f
belajar dari omnibus law pak gimana sosialisasi nya ga ada gencar nya di buat hoax dan demo dulu baru sibuk jelasin ke publik kerja kayak gitu apa cerdas;f
belom pernah dibikin sekecewa ini sama gov kaya beneran males banget dan ada aja kelakuannya kemarin ciptaker sekrang pulau komodo;f
benarkah naskah ol ciptaker terbaru pasal ayat hilang jika benar ini kecerobohan fatal yang tiada maaf untuk pembuatnya merendahkan martabat institusi dpr dan terutama bikin malu presiden selidiki motifnya dan pecat pelakunya rakyat monitor;f
berbagai elemen masyarakat kompak bergabung menolak omnibus law wajar karena uu ini sangat menzalimi para pekerja omnibuslawsengsarakanperempuan sejahteradengankhilafah;f
berbagai upaya pelemahan dilakukan untuk menyurutkan suara penolak ruu ck omnibus law seperti upaya doxing dan intidimasi digital yg mengarah kriminalisasi kepada para aktivis saatnya kita bersolidaritas jangan mau diinjak oleh buzzerp dan bot bot tiran salingjagakawan;f
berdasarkan aliansi jurnalis independen aji sebanyak jurnalis diduga mengalami tindakan intimidasi oleh polisi saat meliput demonstrasi menolak uu omnibus law cipta kerja sejak oktober databoks;f
berubah ubah ubah rubah mau bikin uu apa mau bikin gethuk;f
besok buruh rencananya kembali gelar demonstrasi tolak omnibus law di kantor gubernur jatim demotolakomnibuslawciptakerja demoburuh uuciptakerja omnibuslaw gubernurjatim getol getoljatim lensaindonesiacom;f
besok puluhan ribu buruh demo tolak uu cipta kerja di istana dan mk said juga menjelaskan nantinya akan diserahkan gugatan uji materiil dan uji formil omnibus law uu cipta kerja ke mahkamah konstitusi oleh kspsi agn dan kspi;f
besok puluhan ribu buruh demo tolak uu cipta kerja di istana dan mk said juga menjelaskan nantinya akan diserahkan gugatan uji materiil dan uji formil omnibus law uu cipta kerja ke mahkamah konstitusi oleh kspsi agn dan kspi sumber merdeka com;f
bila jokowi teken uu ciptaker kspi ancam aksi nasional pada november;f
bima arya temui ribuan buruh catat keberatan terhadap uu ciptaker pemkotbogor welovebogor bogohkabogor bogorberlari;f
birojomblo story of kale membaca arah gerakan tolak omnibus law kanigoronewsline arahgerakan tolakomnisbuslaw tolakomnibuslaw tolakuuciptakerja;f
btw cuma mau ngingetin lagi rame pulau komodo gini jgn sampe lupa ruu cipta kerja masih adem aayem cuma bantu ingetin doang soalnya yang udh pada gampang lupa kalo ada isu baru yok semangat yok bacotin pemerintahan bandit;f
buat uu juga ga asal buat uu mana ada buat uu gonta ganti halaman blm beres drafnya udh ketok palu tengah malam banyak penolakan klo kamu paham coba kamu buka uu ciptaker yg pro rakyat buruh dan petani jangan bacot doang;f
bukan soal brp pasal yg dihapus pasal pun sudah membuktikan uu ciptaker ini cacat;f
bukannya membawa perbaikan omnibus law uu ciptaker justru memperparah kerusakan lingkungan dan konflik kepemilikan lahan hal ini dilontarkan oleh profesor hukum ugm direktur wlhi jatim hingga sekjen kpa simak di channel mmc keyword khilafah jamin hak tanah jamin hak tanah;f
bukannya membawa perbaikan omnibus law uu ciptaker justru semakin memperparah kerusakan lingkungan dan konflik kepemilikan lahan bagaimanakah pengaturan pertanahan dan penjagaan hutan dalam khilafah simak selengkapnya di mmc video malam ini;f
buruh akan berunjuk rasa di provinsi tolak uu ciptaker dan tuntut kenaikan upah lewat;f
buruh akan menuntut kenaikan upah minimal tahun serta memuntut pembatalan omnibus law;f
buruh ancam demo lebih besar lagi jika jokowi teken uu cipta kerja;f
buruh ancam gelar demo tolak uu ciptaker pada november;f
buruh bakal gelar aksi tolak uu ciptaker serentak nasional november;f
buruh bakal lakukan aksi akbar di november soal uu ciptaker jika;f
buruh bakal lakukan aksi akbar di november soal uu ciptaker jika taucepattanpabatas keuangan ekonomi ekonomi ekonomiindonesia;f
buruh demo besar besaran ke istana saat jokowi teken uu ciptaker oktober berita;f
buruh gelar unjuk rasa tolak uu cipta kerja di depan gedung mk dan istana kepresidenan hari ini via;f
buruh kukuh tolak omnibus law dan protes ump tak naik;f
buruh media amp pepo rakyat indonesia itu tidak hanya buruh dan insan mesia saja menolak uu cipta kerja dengan mengkapitalisasi buruh dan media belum tentu bijak dan tepat tidak semua buruh menolak uu omnibuslaw;f
buruh minta dpr tinjau ulang omnibus law cipta kerja;f
buruh pabrik swasta mas saya juga turut menolak omnibus law hahaa;f
buruh siap demo besar besaran pada november jika jokowi teken uu cipta kerja;f
cabut uu ciptaker bubarkan bpip dn pdip di seluruh pelosok nkri harus kalian lakukan;f
cari keadilan buat b u r u h karyawan swasta aja susah apalagi ditambah omnibus law;f
case penghapusan pasal existing yg masih masuk di draft uu cipta kerja dpr oleh setneg menjadikan uu ini gak memenuhi kebutuhan masyarakat atas peruu yg baik;f
catat aksi nasional buruh tolak uu ciptaker digelar november ukasindonews tolakruuciptaker buruhmenggugatuuciptakerja;f
coba pemerintah gausa aneh ngadain ruu cipta kerja kan jd tugas gue ga bnyk anjir ini skrng tugas gue makin bnyk gara ni ruu capek anjir pls;f
coba statement pak hotman ini di cc ke yang dengan lantang mengatakan hanya iblis yg menyusun undang ciptaker;f
corona belom kelar ada yg mau ganti pancasila ada yg buru in omnibus law ada lagi di tengah kasus jaksa korup tbtb kejagung kebakar ada lagi masalah pilkada ada lagi sekarang pembelian vaksin yg katanya maunya produk sendiri tiba mau nya ngimpor ada apa negriku;f
curiga tentu sah saja sbg manusia apalagi kalau manusia dilatar belakangi kebencian ketidak sukaan tentu bawaannya akan curiga blm lg kalau ybs punya karakter korup penimbun kekuasaan maling dan sejenis akan selalu curiga pd org lain betul tdk;f
dah jelas kok omnibuslaw galak sama lingkungan gt mrkece hukum opini;f
dahulu kala sejuta tahun yg lalu saat butuh suara untuk pilpres sksd dengan buruh dijalankan sekarang saat butuh teriak menolak uu ciptaker orangnya selalu ngumpet entah kemana sksd sok kenal sok deket;f
dalam aksi demo sebelumnya tanggal oktober badan eksekutif mahasiswa seluruh indonesia bem si memberikan batas waktu x jam kepada presiden joko widodo jokowi agar segera membuat perppu terkait uu ciptaker jika tidak maka bem si akan melakukan demonstrasi di;f
dalam gerakan islamberkemajuan konsisten mengawal isu penolakan uu ciptaker;f
dalam uu cipta kerja pasal menyatakan bumdes adalah badan hukum gt gt gubernur jatim;f
dalam uu ciptaker ini terdapat jam lembur lebih lama hak cuti haid dan melahirkan tetap ada tapi tidak dibayar ciptakerbuktikezalimandemokrasi sejahteradengankhilafah;f
dapat kita abaikan dalam tatanan masyarakat kapitalisme hari ini bahkan tanpa adanya omnibus law sekalipun mulai dari rasisme yang terus digunakan untuk menindas kawan kawan papua diskriminasi terhadap perempuan dan lgbt perusakan lingkungan skala besar;f
dari proses ini jugalah muncul para influencer yang sebetulnya sama sekali tidak memiliki kualifikasi untuk memberikan influence pengaruh di masyarakat dalam masalah politik dan ekonomi seperti omnibus law sosialisme revolusioner mogoknasional;f
dari uu ciptaker ke komodo savekomodo;f
dema ptkin serukan menolak omnibus law uu ciptaker;f
demi allah wallahi jika bapak menandatangani uu cipta kerja omnibuslow wallahi demi allah saya dan jutaan umat muslim di indonesiaa akan bersaksi di pengadilan allah bahwa bapak adlah pemimpin yg zholim;f
demi asing dan aseng apapun bapak lakukan ya walaupun rakyat sekarat taruhanya;f
demo besar besaran buruh tolak omnibus law bakal kepung istana besok;f
demo cuma seupil pukul wib ratusan buruh amp mahasuse pedemo tolak uu cipta kerja bakar ban di kawasan patung kuda mulai sepi;f
demo cuma seupil pukul wib ratusan buruh amp mahasuse pedemo tolak uu cipta kerja di kawasan patung kuda massa sepi jalan tidak ditutup;f
demo mahasiswa tolak uu cipta kerja di depan gedung sate berlangsung kondusif isi orasi lebih banyak mengkritisi kebijakan pemerintah yang harus diperbaiki;f
demo mahasiswabergerak jakarta buruhbergerak kspi siapkan aksi nasional november jika presiden tandatangani uu ciptaker kanigoronewsline kspi aksinasional uuciptakerja uuciptademo;f
demo menolak pengesahan ruu cipta kerja kemarin adalah bagian dari skenario untuk mengkudeta pemerintahan saat ini dalam rangka mengamankan bukti bukti dan para saksi mata cc;f
demo menolak uu ciptaker bisa memicu gerakan ke arah itu;f
demo puluhan ribu buruh tolak omnibus law bakal gebrak provinsi senin;f
demo rawan penyusup lakukan ketidksetujuan ruu cipta kerja melalui uji materi di mahkamah konstitusi;f
demo tolak ruu ciptaker penularan covid sulit di tracing demorawancovid;f
demo tolak uu cipta kerja di titik bebas anarkis tidak ada yang ditangkap;f
demo tolak uu cipta kerja di titik bebas anarkis tidak ada yang ditangkap begitu banyak titik demo tolak uu cipta kerja yg berjalan damai yang pasti belum tentu didengar apa lagi membatalkan ndablek antirezimjokowi;f
demo tolak uu cipta kerja mahasiswa sebut jokowi ma ruf gagal pimpin indonesia malangtimes beritamalang;f
demo uu cipta kerja demo ruu ideologi yg mau diperas oleh siapa itu itu salah satu sumbangsih milenial yg cinta bangsa yg tidak mau bangsa ini rusak yg dimanfaatkan oleh segelintir orang kelompok;f
demokrat tolak uu ciptaker sby selamat berjuang;f
demonstran penolak uu ciptaker di makassar dipukul mundur ormas berpanah menurut beberapa saksi polisi diam saja malah tampak memberikan dukungan;f
demonstrasi besar besaran akan dilakukan ribuan buruh menolak uu cipta kerja dan ump anti demo demo club tolakdemopasukannasbung;f
demonstrasi penolak uu ciptaker di makasar dipikul mundur oleh ormas berpanah menurut beberapa saksi polisi diam saja malah tampak memberikan dukungan;f
di hari sumpah pemuda bem ptmi gelorakan penolakan uu cipta kerja;f
diamankan polisi saat hendak ikut demo uu ciptaker remaja dipulangkan taucepattanpabatas beritaterkini beritaterkini newsupdate;f
dikasih uu cipta kerja malah nolak padahal itu bisa buat buka pabrik baru eh maaf lapangan pekerjaan seluas luasnya;f
diketahui demonstrasi besar besaran akan dilakukan ribuan buruh menolak uu cipta kerja dan ump anti demo demo club tolakdemopasukannasbung;f
disahkannya uu ciptaker makin menunjukkan pada kita bahwa selama peraturan hidup masih mengandal akal manusia maka peraturan itu dibuat sesuai selera penguasa klo islam maka landasannya jelas dgn al quran dan sunnah bukan akal an fgdomnibuslaw tolakuuciptakerja;f
ditanyain ttg perubahan uu cipta kerja lagi tuh sama pak dijawab besok ya kalau sdh hari kerja;f
ditemukan pasal selundupan di uu ciptaker pemerintah dan dpr tak cukup minta maaf mesti diproses hukum;f
ditemukan pasal selundupan di uu ciptaker pemerintah dan dpr tak cukup minta maaf mesti diproses hukum cuma yg jd pertanyaan apakah hukum di msh berlaku utk mereka jokowipenjualnegara jokowipenjualnegara;f
dpd sbsi dan k sbsi rapat bahas penolakan uu ciptaker;f
emang di uu cipta kerja mengatur org beribadah ya bang sampai pemuka agama segala mau konpers;f
entah harus berapa kali lagi kita rakyat kecil sakit hati dengan pemerintah berawal di uu md rkuhp uu kpk lalu sederet cacat omnibus law sekarang komodo dan masih banyaaaak lagi sampai kapan kita dibuat lelah pakde ngejabat periode baru tahun loh wkwk;f
feri perubahan scr subtansi itu telah melanggar prosedur pembuatan uu yg diatur dlm uu nomor ttg pembentukan peraturanperundang undangan sehrsnya omnibus law tdk bisa disahkan demi hukum bikin uu apa bikin komik rezimdiktatorkonstitusional;f
fix juta orang lebih nganggur ulah anda lanjutkan uu cipta kerja suara demonstran uu ciptaker selama ini sia sia bem si tegas beri ultimatum mengerikan pada jokowi;f
fuck omnibus law gw kuliah ketika bapak pensiun dan kagak dapet pesangon alias nanti biaya gimana jing wkwk;f
ga lo ga salah yg salah cuma anggota dpr yg ngesahin ruu ciptaker kin;f
gaikut bayar in gaji buruh gaikut promo uu cipta kerja dukung demo anarkis sekarang janji naikin upah bener minta dipites jerawat satu ini;f
gbb serukan perlawanan terhadap omnibus law;f
gejolak ruu cipta kerja penuh drama marah tingkat rendah;f
giliran uu ciptaker mrk kompak rezimdiktatorkonstitusional kecuali partai yee;f
gugat uu cipta kerja ke mk buruh gelar aksi nasional november;f
gugatan uu cipta kerja dapat melalui mk utas oleh alfisyah dianasari;f
guru besar dan para dosen kampus ternama tolak omnibus law;f
gw juga bilang lu goblok kawan gw bakal sepakat juga sama gw kalo lu tuh goblok soal omnibus law yang gak bilang lu goblok dalam hal omnibus law udah penjilat pantat rezim;f
gw nolak vaksin dan omnibus law terus lu mw pnjarain gw coba aj kluarga lu yg tewas nanti wercok sok keras lu denda aja smua lansia yg mnolak dvaksin d indonesia ini dsr pmrintah tolol anjing bangsat;f
ha ha ha ada udang di balik batu itu mah kalau uu ciptaker di teken yaa siap siap semua aturan nya otoriter dan sosialis;f
hanya katanya indonesia tolakomnibuslaw tolakuuciptakerja;f
hari ini senin november presiden kspsi amp kspi akan berduet pimpin demo tolak uu cipta kerja download aplikasi tribunnews untuk update berita terbaru dapatkan untuk android;f
iblis bisa bikin uu cipta kerja kata bang sekolah boleh tinggi bang tetapi narasi nya sangat minim;f
indonesia dengan ruu pks dan tanpa uu ciptaker;f
ini adalah alasan untuk tolak ruu cipta kerja;f
ini harusnya omnibus law isi pasal nya memberantas oknum birokrasi dg segala bentuk tindakan mempersulit pengurusan surat surat warga;f
ini nih bianya tolak ciptaker buruh gelar aksi serentak nasional november;f
ini pasti suruhan pendukung uu cipta kerja atau uu celaka;f
inikah cara pengayom masyarakat yg di gaji oleh pajak rakyat indonesia mereka bukan kriminal demo timbul akibat adanya omnibus law yg di ajukan pemerintah dan di setujui oleh dpr;f
insyaallah sejahtera yang punya tolak omnibus law xixixi;f
intinya promo sosialisasi uu ciptaker dan virus dosis sinovac harus di stop dn di cabut klo ga gitu gw jungkir balikkan lu jadi sampah negara tnpa negoisasi;f
intinya uu ciptaker itu goblok;f
investasi lantjar djaja meski tanpa uu ciptaker bahkan di masa krisis;f
itu br karyawan bayangkan klo banyak bisa gulung tikar seketika tu apalagi ancaman dipidanakan pantas mereka mati an menentang omnibus law ada udang dibalik rempeyek ternyata;f
itu mangga sontoloyo sama dengan pembuat dan penandatangan uu ciptaker;f
jadi kalau di masa pandemi saja investasi masih naik lalu apa urgensinya sampai omnibus law dipaksakan ini kan seperti kondisi gawat darurat secara umum nggak ada orang yang nggak minat investasi di indonesia kata ekonom lokadataid via;f
jadi saitama terus mukulin yg bikin ciptaker;f
jadi tertawaan ditengah aksi tolak uu ciptaker ada demo turunkan di balaikota dki jkt alasan kebijakan kerap berseberangan dgn pempus amp menemui massa demonstran yg menolak uu cilaka yg teman gue ketawa yuk;f
jadikan sosial media dan gadget sebagai alat perlawanan jgn biarkan oligarki merusak masa depan kita dengan mengesahkan omnibus law uu cipta kerja melalui tim buzzer rupiahnya cabutomnibuslaw kitabelummenang mositidakpercaya hentikanrepresifitasaparat jrbukanjalankeluar;f
jakarta penolakan aksi pengesahan uu omnibus law atau cipta kerja dari sejumlah massa kembali berlanjut di sekitaran patung kuda jakarta pusat massa;f
jangan dukung anak dan menantu jokowi sebalum jokowi membatalkan uu cipta kerja;f
jangan terkecoh pengalihan isyu apapun omnibuslaw uu ciptaker harus di serang smpai tercabut dn remuk remuk pdip fokus internal;f
jokowi bakal tanda tangani uu ciptaker buruh ancam demo lagi;f
jokowi diperkirakan teken uu ciptaker lusa november kspi dan serikat buruh lainnya gelar aksi nasional uuciptakerja;f
jokowi itu munafik biasa bohong janji beli indosat dll sekarang bohong lagi dengan uu omnibus law;f
kalau benar ada tak ada kalimat yg cocok dgn perbuatan itu selain batalkanuuomnibuslaw dukungaksimahasiswa kembalikanmandatrakyat akibat ketidak jujuran dgn menghianati rakyat melalui peraturan yg dibuat bagai pekerja mafia mengejar target;f
kalau di ibaratkan sopir yg mabuk dan sebagai penumpang yg ugal ugalan buat uu omnibus law kira kira saya kena pasal berapa di uu ite mprop;f
kalau jokowi teken omnibus law buruh siap demo besar besaran;f
kalau memang benar uu ciptaker untuk rakyat harusnya gak takut dong kalau diajak debat omnibuslaw tolakomnibuslaw tolakuuciptakerja;f
kan dr awal salah satu tujuan utama omnibus law ya ini menjegal pak;f
kekhawatiran menguat dari perempuan pekerja pasca pengesahan uu cipta kerja karena diprediksi akan mengurangi jaminan perlindungan dan merugikan perempuan pekerja bagaimana islam memandang masalah ini yuk simak penjelasannya di channel mmc cintanabicintapanjirasulullah;f
kekhawatiran menguat dari perempuan pekerja pasca pengesahan uu cipta kerja karena diprediksi akan mengurangi jaminan perlindungan dan merugikan perempuan pekerja beban jam kerja semakin bertambah menjadi jam dalam sepekan sementara;f
ketua pbnu soroti uu ciptaker jadi petaka bagi pendidikan hingga pekerja;f
klo demo cipta kerja saya dukung tapi klo soal ump minta naik ditengah pandemi banyak bisnis tutup dan phk krn situasi sulit terus kalian terprovokasi demo ga mikir kalian egois;f
knp sih presiden utk hal krusial spt uu ciptaker kebebasan berpendapat dan banyak hal lainnya tdk se responsif renovasi mesjid istiqal ini pdhl mnrt info terpercaya presiden kt ini sholat waktu nya rajin dan shrsnya org yg rajin sholat sensitif thdp ketidakadilan;f
komodo aja digusur apalagi yang suka protes uppps kata bang loh ya politik pinterpolitik infografis;f
kontras sumut ungkap cacat hukum penangkapan mhb aktivis tolak uu cipta kerja;f
kontroversi uu omnibus law buruh melawan mahasiswa melawan;f
kspi ancam gelar aksi besar besaran jika jokowi teken uu cipta kerja dpr jangan buang badan terhadap aksi rakyat maka kami minta begitu sidang paripurna setidaknya ada fraksi pks dan demokrat yang interupsi meminta dpr mengadakan legislatif review;f
kspi desak dpr lakukan legislative review uu ciptaker;f
kucingnya berak sembarangan kayak putusan uu ciptaker aja wahahaha;f
llkalau selama ini proses perizinan perkebunan memakan waktu yang lama maka melalui uu cipta kerja ini dibuat kesepakatan bersama berkaitan dengan perizinan dengan proses yang lebih cepat yaitu hanya hari saja barisanprokerja ciptakerjalindungialamp;f
mahasiswa akan aksi tolak uu ciptaker di hari sumpah pemuda;f
mahasiswa bakar naskah uu cipta kerja di depan mahkamah konstitusi mositidakpercaya sepenuhnya kami tidak mempercayai pemerintahan joko widodo ma aruf amin serta segala mekanisme kenagaraan yang sudah menjadi alat rezim;f
mahasiswa bertopeng salvador dali bakar naskah ciptaker di mk;f
mahasiswa di padang minta dukungan petisi tolak uu ciptaker;f
mahasiswa kembali demo di alun alun purwokerto tolak uu cipta kerja bertemakan kondangan ke pemkab;f
mahasiswa membakar draft ruu ciptaker cilaka di depan mk selasa oktober aksi pembakaran ini sebagai simbol penolakan dan mositidakpercaya terhadap pemerintahan;f
massa buruh kembali aksi demo tolak omnibus law hari ini;f
massa kembali demo menolak uu cipta kerja;f
masyarakat yang menolak uu cipta kerja untuk menempuh langkah hukum dan mengajukan judicial review ke mahkamah konstitusi mk anti demo demo club tolakdemopasukannasbung;f
membahas rancangan pp ketenagakerjaan buruh tetap menolak uu cipta kerja;f
menakar keabsahan uu ciptaker yang diotak atik usai disahkan tolakomnibuslaw tolakuuciptakerja batalkanomnibuslaw;f
mending juga tolak omnibus law;f
mengabdi itu memperjuangkan nasib suara rakyat dgn otak pikiran sekalian jiwa raga secara nyata bukan memberikan rakyat uu ciptaker yg membahayakan nasib rakyat anak cucunya bukan pula menjual asset negara;f
menteri ketenagakerjaan ida fauziyah memahami aksi demo yang dilakukan serikat buruh pekerja dan mahasiswa dalam menolak undang undang cipta kerja merupakan hak untuk menyampaikan aspirasi anti demo demo club tolakdemopasukannasbung;f
mereka yang terganggu dengan uu cipta kerja akan berusaha menolak nya;f
miris inikah yg dampak dari uu cipta kerja;f
mmenteri ketenagakerjaan ida fauziyah memahami aksi demo yang dilakukan serikat buruh pekerja dan mahasiswa dalam menolak undang undang cipta kerja merupakan hak untuk menyampaikan aspirasi anti demo demo club tolakdemopasukannasbung;f
morningspirit harian pagi tribun jogja paguyuban setan politik melakukan aksi unjuk rasa di halaman gedung dprd diy dalam rangka penolakan terhadap uu ciptaker omnibus law sabtu smartfmjogja;f
mui minta mk buktikan independensi saat uji materi uu cipta kerja menurut dia sejumlah unsur masyarakat memandang mk mulai memiliki gejala tidak independen karena adanya sikap para hakimnya;f
mulai saling lempar handuk mmg presidenya siapa kok logikanya kacau amp hilang jk presiden tdk terlibat sbg presiden bisa cabut dgn perpu atau batalkan krn cacad hukum clear jgn krn uu cipta kerja amp permasalahan akumulasi rakyat yg sdh byk jd mencabut mandat;f
ngejelasin uu cipta kerja pakai uu lama ndableg kok keterlaluan ya;f
omnibus law ciptaker bermasalah sejak jokowi mengusulkannya ke dpr lewat;f
pakar penghapusan pasal di uu cipta kerja menyalahi aturan ini alasannya;f
pakar sebut uu cipta kerja sudah tidak sah lagi apa sebabnya;f
pandemi belum usai nasib buruh diambang nestapa terhitung pada minggu pertama bulan oktober uu cipta kerja yang menuai banyak kontroversi resmi disahkan pengesahan ini menimbulkan tanda tanya besar bagi masyarakat simak infografis berikut untuk mengetahui lebih lanjut ya;f
pantas ngotot omnibus law;f
pantes aja uu omnibus law dikebut walau masih banyak yg menentang;f
pantesan mui ikutan gak setuju uu cipta kerja kran duitnya mau ditutup;f
para anggota dpr sdg menunujuk an ketidak punya moralanya saat ini sj rakyat sdh tdk di anggap manusia lgi dgn adanya uu cipta kerja yg isinya slalu berubah itu ciri mereka kalian pilih bkn mewakili kalian bejad lah kalian;f
pedemo kembali menuntut undang undang cipta kerja uu ciptaker dibatalkan disiplin pakai masker regulasicepatumkmsejahtera;f
pelajar di mimbar akbar tolak omnibus law jangan anggap kami gak tahu apa apa tempometro;f
pembangkangan sipil menolak uu ciptaker ditengah pandemi alias suruh bunuh diri maka bebas tanggungan phk;f
pembentukan panitia demo omnibus law;f
pemerintah tak bijak paksakan uu cipta kerja yg sjk awal smp skrg ditolak byk kalangan;f
pencinta alam bentang spanduk tolak uu cipta kerja di jembatan layang pasopati bandung darisuara;f
pengakuan permainan kotor artinya transparasi informasi di kebiri demi ambisi dinasty semua hiruk pikuk kegaduhan negri ini krn ambisi penguasa utk putra mahkota uu hip uu cipta kerja busserrp dan influencer alibi politik transaksional dengan dalih investasi;f
pengalihan isu tetap kawal omnibus law;f
pengalihan isu tetap kawal tolak omnibus law;f
pengunjuk rasa uu cipta kerja di jalan medan merdeka barat jakarta terus berdatangan mengarah tugu tani jakpus rabu sore bai elshintaedisisiang;f
perasaan membuat uu cipta kerja belum pernah dialog dengan buruh;f
peringati hari sumpah pemuda massa kembali gelar aksi tolak uu cipta kerja di tugu proklamasi jakarta pusat;f
peringati sumpah pemuda mahasiswa bandung tolak omnibus law;f
peringati sumpah pemuda mahasiswa bandung tolak omnibus law mositidakpercaya pembangkangansipil;f
petualangan sherina melawan omnibus law;f
politikus nasdem tak sepakat uu ciptaker lebih baik uji materi ke mk;f
portaljabar kalangan buruh akan menyiapkan aksi unjuk rasa selama beberapa hari pada awal november mendatang presiden k tolakomnibuslaw tolakuuciptaker tolaknonkenaikanump demoburuh;f
presiden harus memberi contoh stop kriminalisasi ulama stop uu ciptaker kpk jangan dikebiri aneh tdk konsisten;f
puluhan ribu buruh besok kembali turun ke jalan tolak omnibus law dan tuntut ump naik;f
puluhan ribu buruh kembali demo tolak omnibus law besok;f
puluhan ribu buruh siap geruduk istana dan mk hari ini gugat omnibus law dan ump;f
refleksi oktober pemuda banyuwangi tetap tolak uu cipta kerja;f
rezim gagal fokus mo mecahin konsentrasi rakyat nih pokoknya fokus omnibus law;f
rezim impor pangan karena uu cipta kerja jokowi impor;f
rezim omnibus law asal asalan tentukan halal haram peran ulama disepelekan;f
rezim omnibus law asal asalan tentukan halal haram peran ulama disepelekan muslimah news;f
rezim omnibus law asal asalan tentukan halal haram peran ulama disepelekan muslimah news via;f
rezimdiktatorkonstitusional demo tolak uu cipta kerja di titik bebas anarkis tidak ada yang ditangkap;f
rezimdiktatorkonstitusional rezimdiktatorkonstitusional drama pasal uu migas dalam uu ciptaker pks ini sengaja atau kelalaian;f
ribuan buruh akan demo tolak omnibus law dan ump beritajogja jogja jogjaistimewa;f
ribuan buruh turun besar besaran demo tolak omnibus law;f
ribuan mahasiswa dan buruh kembali demo tolak omnibus law;f
ribuan mahasiswa di ternate kembali demo tolak omnibus law mositidakpercaya pembangkangansipil;f
ribuan massa demo dari kalangan buruh dan mahasiswa tak hanya memadati area di samping patung kuda arjuna wiwaha tapi juga memadati kawasan bundaran bank indonesia;f
ricuh demo uu ciptaker kapolda mahasiswa diamankan tapi sudah bebas demomahasiswa uuciptaker;f
said mengatakan aksi demo akan dilaksanakan pada november jika uu cipta kerja ditanda tangani presiden jokowi yang kabarnya akan dilakukan pada oktober nasional;f
satu suara satu tuntutan b a t a l k a n rakyatbergerak batalkanomnibuslaw mositidakpercaya pembangkangansipil;f
saya harus mengakui dan pak jokowi juga ngaku bahwa komunikasi publik pemerintah jelek banget baik massa covid maupun massa uu cipta kerja itu kan jelek itu e k s hari ini mengakui masalah komunikasi tinggal tunggu mengakui masalah yg lain;f
sby minta kader demokrat terus perjuangkan aspirasi rakyat tolak uu cipta kerja;f
sejumlah buruh di seluruh indonesia akan melakukan aksi demonstrasi secara nasional hari ini selain menolak uu cipta kerja mereka juga menuntut kenaikan ump setelah hari ini aksi demonstasi kembali dilakukan pada amp november pagiindah;f
selain demo di istana ribuan buruh juga akan ajukan gugatan uu ciptaker ke mk;f
senin besok buruh kembali geruduk istana dan gugat uu ciptaker ke mk berita;f
senin besok buruh kembali geruduk istana dan gugat uu ciptaker ke mk darisuara;f
senin buruh gelar aksi unjuk rasa di mk tolak uu ciptaker;f
siap siap besok buruh demo tolak uu ciptaker amp kebijakan ump;f
siap siap setelah kemaren garuda merumahkan hampir kryawannya skrg giliran hsbc yg akan mem phk kan kryawannya sbyk ribuan org oh nasib omnibus law;f
simak baik baik karena uu cipta kerja bukan di tolak pekerja tapi tokoh di balik meja waktunyamilenialberbisnis;f
soal uu ciptaker dan ump buruh bakal gelar aksi serentak senin november;f
sumpah pemuda mahasiswa tanjungpinang unjuk rasa tolak uu cipta kerja;f
suruh indo lockdown gagal nurunin dr terawan gagal juga batalin uu ciptaker juga gagal duh gagal mulu nih apalagi ya oh ada proyek ni di pulau komodo sikaaaaat;f
taiklah omnibus law batalkan aja kau nggk mau jorrf;f
tak cuma buruh dan aktivis anak dan cucu pun kritik luhut soal omnibus law;f
tanggapan mengenai demo anarkis tolak uu cipta kerja omnibuslaw;f
tapi kami menolak omnibus law;f
terjadi gelombang demonstrasi besar besaran di daerah maupun di pusat dalam rangka menolak uu ciptaker ini jangan abai prokes kovid umkmsuburburuhmakmur;f
tetap fokus tolak omnibuslaw dan cipta kerja kebakaran kejagung itu hanyalah pengalihan isu yg dibuat rezim;f
tidak akan bisa ditangkap orang yang bakar halte bus di jakarta saat demo uu cipta kerja sama dengan harun masiku tidak bisa ditangkap amp hilang kasusnya teori logika konspirasi amp rekayasa;f
tidak bakal bisa ditangkap orang yang bakar halte bus di jakarta saat demo uu cipta kerja sama dengan harun masiku logika rekayasa;f
tindakan anarkhis dipicu adanya hoax terkait isi uu cipta kerja yang diplintir seolah akan menyengsarakan nasib kaum buruh dan pekerja pilkadasehattanpahoax;f
tolak dan gagalkan uu ciptaker yg mengganggu stabilitas nasional;f
tolak keras omnibus law massa buruh amp mahasiswa bakar ban;f
tolak omnibus law amuh kembali gelar aksi;f
tolak omnibus law buruh banten lakukan aksi di tangerang mositidakpercaya pembangkangansipil;f
tolak omnibus law buruh sebut dpr buat uu seperti tk;f
tolak omnibus law di oktober trisakti tak ikut turun aksi;f
tolak omnibus law lucunyademokrasinegeriku lucunyademokrasinegeriku;f
tolak omnibus law mahasiswa bawa keranda untuk dpr;f
tolak omnibus law mahasiswa gunadarma dan mercubuana mulai penuhi patun lewat;f
tolak omnibus law pemudabangkitlawanrezim hei kaka awas jatuh cinta sama gw;f
tolak omnibus law perempuan perempuan yang melawan di balik kaca mata;f
tolak omnibus law pks tuai simpati di pilkada siak;f
tolak ruu cipta kerja;f
tolak ruu ciptaker kli demo;f
tolak uu cipta kerja buruh di provinsi gelar demo serentak november bisnis mositidakpercaya pembangkangansipil;f
tolak uu cipta kerja buruh kembali berdemo di istana dan mk hari ini menurut presiden konfederasi serikat pekerja indonesia kspi said iqbal untuk wilayah jabodetak aksi demo buruh akan dipusatkan di istana dan mahkamah konstitusi titik kumpul di;f
tolak uu cipta kerja di hari sumpah pemuda ylbhi ini hari pembangkangan sipil mositidakpercaya pembangkangansipil;f
tolak uu cipta kerja mahasiswa gelar aksi di ngarsopuro tetap bertahan meski hujan;f
tolak uu cipta kerja mahasiswa gelar aksi di ngarsopuro tetap bertahan meski hujan tribun solo mositidakpercaya pembangkangansipil;f
tolak uu ciptaker buruh di provinsi akan gelar aksi serentak besok;f
tuntutan buruh soal uu ciptaker ump di aksi serentak senin;f
uncle suga uu cipta kerja sudah disahkan tapi diedit setneg kanigoronewsline karikatur japrakusil uuciptaker uuciptakerjaalatpenjajahan;f
uu ciptaker sengsarakan manusia dan merusak semesta;f
uu omnibus law ciptaker dipandang rawan korupsi;f
viral narasi tv bongkar dalang pembakaran halte saat demo uu ciptaker;f
viral narasi tv bongkar dalang pembakaran halte saat demo uu ciptaker linetoday bisniscom semoga polri bisa mengusut kadal yg brengzek ini dan umumkan ke publik siapa sebenarnya diblakang kadal itu;f
wahai dedemit setan seluruh dunia bersatulah tolakomnimbuslaw;f
wakil ketua fraksi pks mulyanto geram dengan insiden dicantumkannya pasal uu migas dalam ruu cipta kerja setelah disahkan anggota badan legislasi dpr ri ini pun meminta kasus tersebut diusut tuntas rezimdiktatorkonstitusional;f
yg dapat cuan gara omnibus law ya gak kena krisis;f
ada pasal yang dihapus omnibus law terbukti cacat prosedur;f
batalkan uu omnibus law;f
belum menyerah ribuan buruh akan gugat omnibus law ke mk;f
bem malang raya konferensi pers menolak omnibus law;f
bem si akan aksi tolak uu ciptaker di hari sumpah pemuda;f
bem si akan aksi tolak uu ciptaker di hari sumpah pemuda lewat bemsi tolakomnibuslaw tolakomnibuslaw tolakomnimbuslaw uuciptakerja uucilaka;f
berarti uu ciptaker ini unfaedah;f
jangan plin plan;f
jangan termakan hoaks ini faktanya uu cipta kerja uuciptakerja;f
jangan termakan hoax ini fakta uu cipta kerja;f
ada beberapa kelebihan penerapan konsep omnibus law dalam menyelesaikan sengketa regulasi di indonesia antara lain ialah;t
ada bidang bidang usaha yang diprioritaskan pemerintah melalui daftar prioritas investasi berkat uu ciptaker omnibuslaw wujudkan visi bangsa wujudkanvisiindonesiamaju;t
adanya penolakan thd uu ciptaker adalah dilatarbelakangi disinformasi mengenai substansi uu ini dan hoax di media sosial padahal manfaatuuciptakerja itu utamanya adalah menyederhanakan perizinan membuka lapangan kerja menumpas pungli;t
adanya uu cipta kerja membuka ruang bagi pengusaha untuk membuka usaha dengan proses perijinan yang disederhanakan dan memudahkan buat pelaku usaha umkm ternaksapi ciptakerjabermanfaat;t
adanya uu ciptaker menjadikan semua pekerjaan jadi lebih mudah wujudkanvisiindonesiamaju;t
adanya uu ciptaker sekarang banyak investor berbondong bondong datang ke indonesia dan menciptakan banyak lapangan pekerjaan untuk masyarakat indonesia wujudkanvisiindonesiamaju;t
adanya uu ciptaker sekarang banyak lapangan pekerjaan untuk masyarakat indonesia regulasimudahusahalancar;t
adik adik mahasiswa nanti bakal lebih mudah mendapat kerja karena kehadiran omnibus law;t
airlangga puji omnibus law ciptaker sebuah terobosan historis;t
airlangga sebut filosofi uu cipta kerja untuk kurangi kemiskinan;t
airlangga sebut uu ciptaker bawa indonesia hindari middle income trap indonesia;t
airlangga uu cipta kerja terobosan historis tanpa desakan dan paksaan siapapun uu cipta kerja juga bakal menyederhanakan dan memangkas aturan yang berbelit airlangga mengatakan pemerintah dari pusat maupun daerah menjadi pendorong bukan penghambat;t
airlangga uu ciptaker atur sertifikasi halal bagi pelaku umkm gratis;t
akademisi nilai uu cipta kerja sederhanakan regulasi yang ada regulasimudahusahalancar;t
alasan omnibus law dibutuhkan untuk menghindari penduduk yang belum bekerja akan semakin tinggi dan indonesia akan terjebak dalam middle income trap galaxys fe solusiuntukekonomi langkahbaikatasimasalah;t
alhamdulillah pemerintah menjamin pendampingan upaya pengembangan umkm dalam uu cipta kerja bersamajokowiekonomikuat memajukan indonesia;t
alhamdulillah uu ciptaker adalah kabar baik untuk kita semua sangat bersyukur banget buruh untung mafia buntung obljaminhakburuh;t
alhamdulilllaaah berkah uu cipta kerja perusahan akan masuk ke indonesia tahun depan terimaksih pak atas informasi yg sangat membahagiakan ini barisanprokerja stopbelieskrimaice;t
alhamdulilllaaah berkah uu cipta kerja perusahan akan masuk ke indonesia tahun depan terimaksih pak atas informasi yg sangat membahagiakan ini barisanprokerja sugiknur sugik nur;t
anak muda kreatif menunggu uu cipta kerja uuciptakerja;t
anggota baleg dpr mengatakan uu ciptaker jadi solusi atas masalah selama ini;t
anggota dpr jika tidak ada uu ciptaker indonesia akan kalah dengan negara lain;t
apa aja materi yg ada di uu cipta kerja klaster ketenagakerjaan komponen ini bs menambah literasi mu jika malas membaca ratusan halaman dlm draft yg ada manfaatuuciptakerja;t
apa iya uu cipta kerja mudahkan impor ciptakerjalindungialam;t
asosiasi emiten indonesia aei turut menyambut baik pengesahan undang undang cipta kerja uu ciptaker uu sapu jagat alias omnibus law ini diyakini bakal memberi dampak positif bagi kinerja pasar modal secara jangka panjang buruh untung mafia buntung obljaminhakburuh;t
asyik berkat hadirnya uu ciptaker sektor umkm banyak dapet kemudahan salah satunya pendirian izin usaha regulasicepatumkmsejahtera;t
awas kovid hindari keramaian jangan lupa pakai masker kita do akan semoga dgn uu ciptaker regulasimudahusahalancar;t
awas kovid hindari keramaian regulasimudahusahalancar bonus demografi indonesia hrs bisa kita manfaatkan maksimal thn saat thn usia indonesia jmlh penduduk usia produktif yg besar hrs didukung o pertumbuhan ekonomi yang tinggi;t
awas kovid hindari kerumunan regulasimudahusahalancar semoga dengan uu omnibus law semakin mudah n ramping segala perijinan buat umkm pengerak perekonomian nasional;t
bahlil menegaskan uu cipta kerja tidak hanya investasi hanya pro pada pengusaha besar ia menuturkan terkait lapangan pekerja baik besar maupun kecil semuanya akan difasilitasi menurut dia omnibus law menjamin mahasiswa setelah kuliah menjadi pengusaha;t
baiknya bagi para pendemo diuji dulu pengetahuannya mengenai omnibus law yang lulus boleh demo;t
bang dpr itu siang malam di siksa tapi kok cerdas uud ciptaker aku mengakui jg merestui;t
bangun ekonomi lewat uu cipta kerja sektor property bersamadukungomnibus;t
bank dunia melihat uu ini akan membuat bisnis semakin terbuka dalam menarik investasi dan menciptakan lapangan kerja serta memerangi kemiskinan dejavu sumber;t
bank dunia mengakui uu cipta kerja untuk pulihkan ekonomi bersamajokowiekonomikuat;t
bank dunia menyatakan dukungannya kepada pemerintahan joko widodo jokowi dan dpr ri soal uu omnibus law cipta kerja ciptaker buruh untung mafia buntung obljaminhakburuh;t
bank dunia pun mengakui klu uu ciptaker dibutuhkan untuk memajukan ekonomi dan merampingkan birokrasi wujudkanvisiindonesiamaju barisanprokerja;t
bank dunia world bank menilai omnibus law cipta kerja bisa ciptakan lapangan kerja dan makmurkan rakyat serta bantu indonesia perangi kemiskinan awas kovid hindari keramaian regulasimudahusahalancar;t
bank tanah dalam uu cipta kerja bersamadukungomnibus;t
banyak banget hoax yg bikin omnibus law jelek dimata kalian so jadilah manusia yg semangat selalu berpikiran positip biar g mudah kemaem grandongnya hoax omnibuslawuntukumkm;t
banyak dampak positif dari uu omnibus law ini dukungterusomnibuslaw;t
banyak kabar hoax yang tersebar saat ini sehingga banyak yang berpkiran negatif ttg uu ciptaker setelah aku bca malah uu ini menguntungkan rakyat dan membantu rakyat lhoo makanya kalau terima info filter baik dlu ya wujudkanvisiindonesiamaju;t
banyak lapangan kerja akan dibuka untuk penduduk berpendidikan menengah kebawah gak main main emang manfaat uu ciptaker regulasimudahusahalancar;t
banyak manfaat nya uu cipta kerja ini manfaatuuciptakerja;t
banyak manfaat uu cipta kerja bersamadukungomnibus;t
banyak manfaat yg bisa didapat dari uu cipta kerja mulai dari tercipta banyak lapangan kerja perluasan usaha birokrasi dipermudah untuk menjadikan indonesia negara maju uu cipta kerja harus dilakukan untuk menyeselesaikan sejumlah persoalan manfaatuuciptakerja;t
banyak pekerja yg masih merasa terganggu dgn pekerjaanya ketika cuti tp dengan uu cipta kerja pekerja akan bisa menikmati hak istirahat dan cutinya ciptakerjabermanfaat;t
banyak perusahaan asing yang sudah mengantri loh ingin berinvestasi setelah uu ciptaker disahkan ini akan membawa manfaat bagi semua salah satunya banyak terbuka lapangan pekerjaaan obljaminhakburuh;t
banyak perusahaan asing yang sudah mengantri loh ingin berinvestasi setelah uu ciptaker disahkan ini akan membawa manfaat bagi semua salah satunya banyak terbuka lapangan pekerjaaan regulasimudahusahalancar;t
banyak rakyat indonesia yang kesulitan mencari makan dan memenuhi kebutuhan sehari hari utk itu uu ciptaker hadir utk membantu kita dalam memperoleh kemudahan dalam mencari pekerjaan lho regulasicepatumkmsejahtera;t
banyak sekali manfaat ruu cipta kerja sehingga bisa membangkitkan perekonomian rakyat stop provokasi dan stop isu hoax mengenai ruu cipta kerja omnibus law;t
banyak yang belum tau jika uu ciptaker ini dampaknya akan membuat geliat industri makanan dan minuman di indonesia makin bergairah barisanprokerja obljaminhakburuh;t
banyak yang kemakan hoax tentang uu omnibus law ciptaker faktanya uu ini berpihak banget sama kepentingan tenaga kerja regulasicepatumkmsejahtera uuciptakerja omnibuslawuntukrakyat;t
banyak yang kemakan hoax tentang uu omnibus law ciptaker faktanya uu ini berpihak banget sama kepentingan tenaga kerja uuciptakerjaharapanrakyat;t
banyak yang mengira bahwa omnibus law hanya fokus pada investasi dan kepentingan pengusaha padahal faktanya kebijakan tersebut fokus pada kesejahteraan pekerja yuk kita pahami dan cermati omnibus law secara benar agar tidak salah paham tentang tujuan dan manfaatnya;t
bbrp keuntungan dari omnibus law ditujukaj untuk memberi stimulus pd pertumbuhan ekonomi dukungpenuhomnibuslaw awasjadikorbanhoaxomnibus;t
bedakan investasi amp penguasaan ada hoax yg mengatakan uea akan menguasai dan membangun dinasti di kaltim di lahan hektar dan itu dipermudah dengan omnibus law awas kovid hindari keramaian regulasimudahusahalancar;t
benar oleh krn itu indonesia perlu satu trobosan breakthrough bangkitkan ekonomi dengan cepat saat pandemi amp dunia menantikan ini jawabannya adalah omnibus law;t
benar thn di perkirakan ledakan usia produktif thn akan melonjak omnibus law adalah solusinya dlm menyediakan lapangan kerja sebanyak banyak nya merata di semua daerah barisanprokerja wujudkanvisiindonesiamaju;t
benar untuk akselerasi percepatan perbaikan dari pandemi omnibus law adalah jawbannya untuk mengejar ketertinggalan di segala sektor setelah pandemi barisanprokerja regulasimudahusahalancar;t
berharap hadirnya uu omnibus law tersebut dapat memberikan relaksasi dalam perizinan pendirian koperasi disiplin pakai masker regulasicepatumkmsejahtera;t
berkah uu cipta kerja semua sertifikasi halal gratis tis;t
berkat adanya omnibus law jepang dikatakan telah melakukan investasi di tanah air dengan melalui dua mega proyeknya sobatantilowbat optimalisasiekonomimaju rakyatprioritasutama;t
berkat uu cipta kerj investor tidak perlu lagi berhadapan dengan rumitnya birokrasi yang sempat ada sebelumnya kerja yes demo no pedulinasibpencarikerja;t
berkat uu cipta kerja ia menyebutkan bahwa seluruh urusan investasi akan berada di bawah lembaga pimpinannya dengan begitu investor tidak perlu lagi berhadapan dengan rumitnya birokrasi yang sempat ada sebelumnya kerja yes demo no pedulinasibpencarikerja;t
berkat uu cipta kerja ia menyebutkan bahwa seluruh urusan investasi akan berada di bawah lembaga pimpinannya kerja yes demo no pedulinasibpencarikerja;t
berkat uu cipta kerja investor tidak perlu lagi berhadapan dengan rumitnya birokrasi yang sempat ada sebelumnya kerja yes demo no pedulinasibpencarikerja;t
berkat uu cipta kerja kini umkm akan mendapatkan pendampingan pengembangan dari pemerintah disiplin pakai masker regulasicepatumkmsejahtera;t
berkat uu cipta kerja kini umkm akan mendapatkan pendampingan pengembangan dari pemerintah uuciptakerja;t
bersama kita dukung omnibus law untuk indonesia lebih maju jaga dirimu dari kovid ciptakerjalindungialam;t
bersama uu cipta kerja omnibus law menjadikan indonesia menjadi lebih baik;t
bersama uu omnibus law cipta kerja presiden memenuhi janjinya untuk mendatangkan investor sebanyak nya dan menciptakan tenaga kerja yang seluas nya awas kovid hindari keramaian regulasimudahusahalancar;t
bersamadukungomnibus dengan bank tanah dlm uu cipta kerja maka pemerintah bisa melakukan reformasi agraria pemanfaatan tanah tidak bertuan amp terlantar agar bisa didata amp didayagunakan u kepentingan rakyat pasal s d;t
bersamadukungomnibus dengan uu cipta kerja lebih terbuka kesempatan u pekerja amp masyarakat berpenghasilan rendah buat memiliki rumah murah lewat badan percepatan penyelenggaraan perumahan masa mau ngontrak rumah seumur hidup;t
bersamadukungomnibus jangan ragu lagi ya bahwa uu cipta kerja itu akan membebaskan kita semua dari pungli;t
bersamadukungomnibus krn bnyk manfaat uu cipta kerja salah satunya di bidang teknologi informasi dan komunikasi utk memasuki era baru perekonomian global;t
bersamadukungomnibus salah manfaat uu cipta kerja adlh transformasi digital nasional agar indonesia segera memiliki jaringan g yg bisa mendukung perekonomian global yg berdaya saing amp adaptif terhadap perkembangan teknologi;t
bersamadukungomnibus satu hal lagi yg tentunya sangat menguntungkan rakyat dgn adanya uu cipta kerja yaitu bank tanah dimana pemerintah membentuk lembaga bank tanah utk menginventarisir tanah² yg terlantar yg nantinya akan didistribusikan lagi utk rakyat;t
bersamadukungomnibus tempat tinggal atau rumah sebuah kebutuhan yang sangat diinginkan semua manusia baik di pedesaan apalagi di kota besar ini peran uu cipta kerja sangat penting untuk mewujudkan rumah masyarakat berpenghasilan rendah bersamadukungomnibus;t
bersamadukungomnibus uu cipta kerja bisa menghapus pungli jelas bisa selama ini birokrasi perijinan dngn banyak pintu amp tatap muka mmbuka peluang banyak pungli dngn sistem online single submission oss daftar usaha kecil cukup via online amp cepat;t
bersamadukungomnibus uu cipta kerja mendorong pemangkasan jumlah perijinan shg proses perijinan bs dioptimalkan melalui sistem yg sdh online utk menghindari pungli;t
bersyukur ada ormas yang luar biasa sayangnya pada anjuran tunda pilkada dan uu cipta kerja nasehat kedua ormas itu diabaikan cc lalu kemana acuan rohani pemerintah saat ini cc;t
betul dikemudian hari uu cipta kerja obl ini akan dirasakan manfaatnya oleh kaum buruh dan membuka lapangan kerja investasi;t
betul uu cipta kerja bisa memberikan kemudahan bagi para usaha mikro kecil dan menengah umkm dan koperasi setidaknya ada poin yang akan menguntungkan umkm dan koperasi yang diatur dalam uu ciptaker ini;t
bhdunia presiden indonesia itu menegaskan undang undang cipta kerja yang ditentang dapat menjadikan negara lebih berdaya maju secara ekonomi ketika covid covid coronavirus;t
biar pada paham fakta omnibus law dan nggak jadi korban hoax wujudkanvisiindonesiamaju;t
bijak hadapi hoaks omnibus law uu cipta kerja;t
bijak hadapi hoaks omnibus law uu cipta kerja ciptakerjalindungialam;t
bijak hadapi hoaks omnibus law uu cipta kerja regulasimudahusahalancar;t
bila uu ciptaker diimplementasikan secara penuh maka akan menawarkan kemudahan berinvestasi menyusul adanya pemangkasan regulasi perizinan berusaha termasuk investasi disiplin pakai masker regulasicepatumkmsejahtera;t
bingung bgt sama manusia yg kontra uu ciptaker ampe nyindir dosen yg pro kyk anjir lo tau apasi macam yg buat uu aja paling tau segalanya dosen mau pro cons itu urusan dia kok jatohnya malah ngerendahin dikira yg cons itu lebih hebat apa ya gw yakin baca uu nya aja blm;t
bkpm sebut omnibus law ciptakan juta lapangan kerja baru tahun depan;t
buat apa demo saudara ku pak jokowi sdh membawa pabrik yg akan direlokasi ke indon ini implementasi dr uu cipta kerja percayalah pd beliau bhw isinya pasti utk kesejahteraan kita ini rakyat beliau doakan sj spy beliau sehat wal afiat smp amin;t
buat para buruh n rakyat indonesia jika omnibus law ini menarik investasi jgn kita halang i klu bnyk investasi pasti bnyk buka lapangan pekerjaan ya klian kelak akan mnjdi pahlawan pahlawan yg mmbntu penggaguran dapat kerjaan;t
buat para sjw tolol yg modal bacot tapi ga ada isi otak baca ini juga ya jangan cuma bisa teriak ga setuju tapi ga tau mekanisme yg benar oh iya lupa kalian kan sjw bego ya pantesan aja ga ngerti mekanisme hukum tata negara yg benar;t
budi sulistyono memastikan hak buruh maupun karyawan justri lebih dipertegas dalam omnibuslaw regulasimudahusahalancar;t
bukti uu cipta kerja seimbang dalam memenuhi kepentingan pengusaha dan pekerja buruh misalnya pengusaha dilarang pecat buruh yang sedang menjalankan ibadahnya termasuk haji barisanprokerja buzzer sherlock holmes video official pulau rinca;t
buruh ingin kesempatan kerja lbh luas maka lapangan kerja hrs ditambah uu ciptaker solusinya cc barisanprokerja obljaminhakburuh;t
cantiknya uu ciptaker simbois mutualisme hubungan saling menguntungkan antara bos dan para pekerjanya nyatanya pihak buruh menolak karna merugikannya nga cantik lucunya dg sadar solusinya ke mk lembaga yg ngurusi cacatnya produk eradouble_x;t
carilah fakta omnibus law sebagai pertimbangan anda sebelum turun aksi ingat pahami dan cermati sebelum bertindak dukungterusomnibuslaw;t
cipta kerja bisa memutus byk jalur birokrasi yg tdk jelas yg artinya bisa mempercepat umkm sejahtera barisanprokerja regulasicepatumkmsejahtera;t
cipta kerja ini terobosan uu regulasi dan investasi kalau ada yang nolak itu hanya lawan politik yg gagal move on;t
cipta kerja sangat membantu umkm dalam mendorong penguatan dan pengembangan kualitas loh;t
ciptaker ini merupakan komitmen tegas pemerintah untuk mempermudah regulasi dan mampu ciptakan lapangan kerja baru regulasimudahusahalancar;t
ciptaker melindungi tenaga kerja;t
ciptaker menuju indonesia maju;t
ciptaker untuk indonesia maju;t
coba baca perubahan pasal uu pangan di uu cipta kerja bacasebelumprotes ciptakerjabangunbangsa bersatuindonesiamaju;t
commitment presiden sejak awal pelantikan bonus demografi tantangan skaligus kesempatan indonesia amp membuat satu uu yg merivisi seluruh aturan dlm satu uu lintas sektoral yakni omnibus law utk mendongkrak ekonomi rakyat barisanprokerja regulasimudahusahalancar;t
congrats president siap meneken uu omnibus law barisanprokerja regulasimudahusahalancar;t
dalam uu cipta kerja pekerja mau istirahat dan cuti pengusaha tidak bisa menolak bersamajokowiekonomikuat;t
dalam uu ciptaker pasal juga disebutkan bahwa pemerintah akan menjamin perlindungan umkm dan industri nasional juga wujudkanvisiindonesiamaju;t
dalam uu ciptaker pelaku umkm akan diberikan kepastian hukum pertanggungjawaban dan keterukuran bagi para pelaku usaha dalam pengurusan sertifikasi halal di badan penyelenggara jaminan produk halal bpjh mui maupun lembaga pemeriksa halal;t
dalam uu ciptaker tenaga kerja akan mendapatkan hak cuti paling sedikit hari kerja setelah satu tahun bekerja wujudkanvisiindonesiamaju;t
dalam uuu ciptaker tenaga kerja asing hanya dpt dipekerjakan dalam hubungan kerja untuk jabatan tertentu saja manfaatuuciptakerja;t
dampak dampak positif uu cipta kerja regulasicepatumkmsejahtera;t
dampak positif uu cipta kerja dalam menggait investasi demo perburuk pandemi pemudabangkitkanekonomi;t
dasar pasal uu ciptaker dihapus ciptaker omnibuslaw dukungomnibuslaw;t
dengan adanya manfaat uu ciptaker para pekerja terutama buruh dapat menyuarakan keluhan tanpa takut dengan ancaman phk regulasimudahusahalancar;t
dengan adanya manfaat uu ciptaker para pekerja terutama buruh dapat menyuarakan keluhan tanpa takut dengan ancaman phk wujudkanvisiindonesiamaju;t
dengan adanya omnibus law ini jokowi dan ma ruf ada dipihak para buruh dan akan selalu ada untuk para buruh buruhbersamajokowi;t
dengan adanya omnibus law uu ciptaker bumdes diharapkan bisa bersaing dan berkembang maksimal wujudkanvisiindonesiamaju barisanprokerja;t
dengan adanya omnilaw ciptaker bukan hanya para pekerja saja yang mendapatkan manfaat tetapi pelaku umkm juga akan mudah mengurus perizinan obljaminhakburuh;t
dengan adanya omnilaw ciptaker bukan hanya para pekerja saja yang mendapatkan manfaat tetapi pelaku umkm juga akan mudah mengurus perizinan wujudkanvisiindonesiamaju;t
dengan adanya undang undang cipta kerja umkm yang di dalamnya akan sangat terbantu disiplin pakai masker regulasicepatumkmsejahtera;t
dengan adanya undang undang ciptaker maka kepastian hukum menjadi lebih kuat sehingga akan banyak investor untuk berbisnis dan ini akan wujudkanvisiindonesiamaju;t
dengan adanya undang undang omnibus law dapat mengurangi pengangguran jaga dirimu dari kovid ciptakerjalindungialam;t
dengan adanya uu cipta kerja menjadikan indonesia menjadi lebih baik uuciptakerjauntukindonesia;t
dengan adanya uu ciptaker ini maka kapitalisasi pasar modal indonesia bakal bertumbuh pesat dalam beberapa tahun mendatang buruh untung mafia buntung obljaminhakburuh;t
dengan adanya uu ciptaker menciptakan banyak lapangan pekerjaan untuk masyarakat indonesia wujudkanvisiindonesiamaju;t
dengan adanya uu ciptaker para investor lebih percaya untuk menginvestasikan saham mereka agar terciptanya banyak lapangan kerja untuk masyarakat indonesia regulasicepatumkmsejahtera uuciptakerja omnibuslawuntukrakyat;t
dengan adanya uu ciptaker penciptaan lapangan kerja umkm terjamin adapun tujuannya sebagai brikut manfaatuuciptakerja;t
dengan adanya uu ciptaker yang di sahkan oleh pemerintah para pelaku umkm dapat lebih sejahtera ditengah tengah masa sulit pandemi covid jokowipeduliumkm;t
dengan banyak investor yg masuk tentu makin banyak lapangan pekerjaan nah omnibus law jawabannya di dalam obl ada uu ciptaker utk melindungi para pekerja lawanhantuinvestasi;t
dengan diperbolehkannya pihak swasta mengelola terminal dapat meringankan beban apbn apbd awas kovid hindari keramaian regulasimudahusahalancar;t
dengan izin usaha yang mudah dari uu ciptaker harapannya flesibilitas investasi untuk umkm dapat segera terlaksana sehingga menghasilkan lapangan pekerjaan sebanyak banyaknya usaha yang berkembang tentu akan menyerap lebih banyak tenaga kerja regulasicepatumkmsejahtera;t
dengan kemudahan perizinan berusaha uu cipta kerja turut mendukung pemberatasan korupsi dan pungli galaxys fe langkahbaikatasimasalah solusiuntukekonomi;t
dengan sertifikasi halal dengan biaya nol rupiah alias gratis untuk umkm adalah salah satu manfaat uu cipta kerja manfaatuuciptakerja;t
dengan uu cipta kerja akan memudahkan masyarakat khususnya usaha mikro kecil untuk membuka usaha baru regulasi yang tumpang tindih dan prosedur yang rumit dipangkas perizinan usaha untuk usaha mikro kecil tidak diperlukan lagi hanya pendaftaran saja sangat simpel;t
dengan uu cipta kerja akan memudahkan masyarakat khususnya usaha mikro kecil utk membuka usaha baru regulasi yg tumpang tindih amp prosedur yg rumit dipangkas perizinan usaha utk mikro kecil tdk diperlukan lg hanya pendaftaran manfaatuuciptakerja;t
dengan uu cipta kerja pegawai kontrak akan sama dengan pegawai tetap;t
di era jokowi ma ruf kesejahteraan para pelaku umkm sangat diperhatikan sekali dengan terciptanya uu ciptaker jokowipeduliumkm;t
di hut golkar airlangga uu cipta kerja terobosan demokratis tanpa paksaan;t
dimasa jokowi ma ruf pelaku umkm sangat diperhatikan sekali melalui uu ciptaker jokowipeduliumkm;t
disiplin pakai masker regulasicepatumkmsejahtera dukung uu ciptaker;t
donttt worryyy uu ciptaker ini akan menyederhanakan dan mempermudah proses perizinan kok regulasicepatumkmsejahtera;t
dukung omnibus law;t
dukung omnibus law untuk kesejahteraan rakyat indonesia dukungpenuhomnibuslaw;t
dukung penuh uu cipta kerja untuk wujudkan kemandirian ekonomi indonesia dukungpenuhomnibuslaw;t
dukung terus uu cipta kerja dukunguuciptakerja;t
dukung uu cipta kerja untuk kesejahteraan buruh pekerja indonesia dukungpenuhomnibuslaw;t
dukung uu ciptaker berarti kita mendukung indonesia yang bebas dari kemiskinan dan pengangguran obljaminhakburuh;t
dukungomnibuslaw buruh dan pekerja tdk membutuhkan slogan spt dukungomnibuslaw bersamadukungomnibus uuciptakerjaharapanrakyat dll yg dibutuhkan adlh tuntutan buruh dipenuhi dlm uu cipta kerja mata najwa bem kspi fsbsi kompas tv tvonenews indonesia lawyers club;t
ekenomi indonesia siap bangkit karna uu cipta kerja dukungterusomnibuslaw;t
emang yang tolak omnibus law kemakan hoaks kami punya nurani dan akal kritis untuk membedah kebobrokan omnibus law gak ada yg salah sama komunikasi pmerintah yg salah prosedur pembahasan omnibus law yg cacat keburu macam lg kebelet akhirnya dijambret oleh investor perakus;t
fakta omnibus law yg harus kita ketahui salah satunya hak cuti tetap ada dan jumlah cuti yg dimaksud adalah hari kerja bagi pekerja yg sudah bekerja selama bulan secara terus menerus sambut maulid jaga persatuan bersamapulihkanekonomibangsa;t
fakta uu ciptaker dibuat untuk membuat lapangan kerja lebih banyak lagi uuciptakerjaharapanrakyat;t
hal ini membuktikan bahwa omnibus law bertujuan untuk memudahkan para pelaku umkm jokowipeduliumkm;t
indonesia memiliki komitmen yang kuat dalam reformasi struktural demi mendorong pertumbuhan ekonomi berkelanjutan ini terlihat dari pengesahan undang undang cipta kerja yang akan mempermudah investasi kerja yes demo no pedulinasibpencarikerja;t
infografis uu cipta kerja mendorong pengembangan produk bisnis halal dukungan bg pelaku umk upaya menjamin kemudahan bisnis produk halal manfaatuuciptakerja;t
investasi berdatangan karena omnibus law buruhpastimakmur indonesiamaju;t
iya bang kita dukung omnibus law agar perubahan cepat terjadi;t
iya nih orang masih aja pada terprovokasi dan terhasut jadi kaga tau kalo omnibus law itu sangat luar biasa manfaatnya untuk rakyat indonesia disiplin pakai masker regulasicepatumkmsejahtera;t
jadi begini toh mantap betul ya ternyata isi dari omnibus law ini jadi makin mantap deh yakin sama omnibus law disiplin pakai masker regulasicepatumkmsejahtera;t
jokowi yakinkan pelaku umkm uu omnibus law cipta kerja memudahkan perkembangan bisnisnya;t
justru uu cipta kerja sangat berdayakan perempuan ini jika dilahat dari sudut bahwa omnibus law ini mendukung umkm saat ini mayoritas pelaku umkm adalah perempuan omnibus law bikin hujan lapangan kerja barisanprokerja hobi pogba;t
keterlibatan publik dalam penyusunan uu ciptaker pembahasan sebanyak kali pembahasan intensif melibatkan partisipasi publik intisari dari hasil kajian ahli proses transparan disahkan oktober manfaatuuciptakerja;t
ketua umum pbnu kh said aqil siraj kalau ada sesuatu mari kita ajukan dengan beradab menghadapi perbedaan pro kontra omibus law uu ciptaker kami ajak bersama sama nu untuk mengajukan judicial review ke mk omnibussejahterakanrakyat demopicukorona;t
kronologi panjang terciptanya uu cipta kerja bersamajokowiekonomikuat;t
lawanhantuinvestasi uu cipta kerja itu pintu menjawab persoalan perizinan yang rumit tersebut;t
manfaat jaminan hukum dalam uu cipta kerja bersamadukungomnibus;t
manfaat jaminan hukum dlm uu cipta kerja akan memberikan pengusaha jaminan perlindungan hukum yg cukup kuat melalui penerapan ultimum remedium yg berkaitan dgn sanksi ini membantu pengusaha mendptkan kepastian hukum bersamadukungomnibus;t
manfaat lain dari uu cipta kerja adalah dipermudahnya usaha mikro kecil menengah umkm dalam mendaftarkan hak kekayaan intelektual haki mau mendirikan pt juga lebih mudah dngn oss bersamadukungomnibus;t
manfaat uu cipta kerja bagi perekonomian indonesia omnibuslaw;t
mari cermati fakta manfaat tentang omnibus law dukungterusomnibuslaw;t
menilik beberapa manfaat omnibus law;t
milenial dukung omnibus law umkmsuburburuhmakmur;t
milenial dukung uu omnibus law umkmsuburburuhmakmur;t
nih bukti janji kampaye dulu mulai terealisasi omnibuslaw cipta kerja adalah salah satu alat merevolusi mental dan jokowi juga berpesan bahwa setiap warga suka dan tidak suka harus terima makanya bebek di kalimantan itu lebih berharga dari demontrasi di istana;t
omnibus law adil;t
omnibus law akan menjadi solusi untuk menyelesaikan beberapa kendala terkait regulasi mudahcarikerja;t
omnibus law bawa jepang investasi di tanah air jepang akan secara mantab memajukan kerja sama di bidang infrastruktur seperti mrt kereta semi cepat jalur jakarta surabaya sobatantilowbat optimalisasiekonomimaju rakyatprioritasutama;t
omnibus law klaster ketenagakerjaan beri kesejahteraan bagi pekerja buruh;t
omnibus law uu cipta kerja memang besar manfaatnya omnibusprorakyat;t
omnibus law uu cipta kerja memungkinkan pemerintah membentuk bank tanah anakbyu kebenaranuntukrakyat banyakmanfaatuntuksemua;t
pahami tentang outsourcing dalam omnibus law bersamadukungomnibus;t
pasal pesangon dalam uu cipta kerja untungkan buruh;t
pasal pesangon uu cipta kerja untungkan para buruh pekerja dukungpenuhomnibuslaw;t
patut di dukung sesuatu yang baik seperti omnibus law bersamadukungomnibus;t
pelibatan swasta dalam pengembangan alutsista bertujuan untuk menjadikan sektor industri pertahanan lebih dinamis dan progresif dalam hal investasi;t
pemerintah pastikan untuk membantu kembangkan umkm dengan uu cipta kerja regulasicepatumkmsejahtera;t
pemerintah provinsi dki jakarta menyiapkan rencana pelaksanaan pembelajaran atau rpp guna mendorong siswa aktif mendiskusikan isu terkini termasuk terkait pro kontra atas rancangan undang undang cipta kerja metropolitan adadikompas;t
pengurusan izin umkm tidak berbelit seperti dulu jangan abai prokes kovid umkmsuburburuhmakmur;t
perbudakan di negeri sendiri untuk inilah uu cipta lapangan kerja;t
perlu omnibus law lagi yakan biar gampang urus adm;t
pertumbuhan ekonomi akan semakin meningkat dengan adanya uu omnibus law;t
pertumbuhan iklim investasi di indonesia semakin membaik berkat omnibus law dan lapangan pekerjaan semakin banyak tentunya pekerja mudah menperoleh pekerjaan dan semakin sejahtera sambut maulid jaga persatuan bersamapulihkanekonomibangsa;t
perubahan pasal itu justru menunjukkan dgn jelas bhw uu ciptaker mempermudah impor pangan;t
pesangon di uu omnibus law untungkan pekerja kata bang hotman ulasannya simak;t
presiden jokowi uu cipta kerja jadi jalan reformasi struktural bagi umkm;t
presiden jokowi uu cipta kerja salah satu jalan reformasi struktural untuk perbaiki kemudahan berusaha bagi umkm;t
presiden meminta regulasi nasional khususnya regulasi yg tumpang tindih amp tdk memberikan kepastian hukum hrs dirombak amp disederhanakan sebuah tradisi sedang kita mulai yaitu dg menerbitkan omnibus law mudahcarikerja sapu bersih mafia regulasi;t
puji syukur sekarang mudahcarikerja berkat omnibuslaw omnibus law yg tentunya akan menguntungkan masyarakat;t
salah satu upaya pemerintah basmi korupsi adalah uu cipta kerja yuk simak omnibuslawbasmikorupsi;t
saya cinta nkri sehingga saya tidak seperti dan semua kader yang terus menolak presiden tanda tangan atau tidak uu cipta kerja biar tercipta banyak lapangan kerja bagi banyak angkatan kerja di indonesia yang mengganggur karena pandemi covid;t
saya mendukung omnibus law catat ya;t
saya pro omnibus law;t
sederet dampak positif uu cipta kerja;t
sederet dampak uu cipta kerja regulasicepatumkmsejahtera;t
sejahtera bersama omnibus law mudahcarikerja sapu bersih mafia regulasi;t
sejahterakan petani dg dukung uu omnibus law;t
sekarang waktunya dukung omnibus law letsgoo;t
silahkan dicek kebenaran uu omnibus law cipta kerja jangan abai prokes kovid umkmsuburburuhmakmur;t
simak fakta omnibus law yuk agar tdk kemakan hoax omnibusprorakyat;t
sisi positif omnibus law menghadapi pandemi covid terhadap ekonomi dan lapangan kerja membuka kran investasi maka pemerintah diyakini mampu menekan laju pertumbuhan ekonomi lebih baik dan terciptanya lapangan kerja teladan nabi cegah wabah waktunyamilenialberbisnis;t
sisi positif omnibus law menghadapi pandemi covid terhadap ekonomi dan lapangan kerja membuka kran investasi maka pemerintah diyakini mampu menekan laju pertumbuhan ekonomi lebih baik teladan nabi cegah wabah waktunyamilenialberbisnis;t
tak kenal maka tak sayang harusnya kenali dulu sih ya uu ciptaker tsb jangan asal tolak manfaatnya jelas padahal buat lawanhantuinvestasi;t
tapi dengan pemberlakukan uu ciptaker ini semua itu tak boleh terjadi lagi sekaligus juga melakukan penegakkan hukum yang tegas bagi pelanggar termasuk pelanggar analisis dampak lingkungan ciptakerjalindungialam;t
teladan nabi cegah wabah waktunyamilenialberbisnis pahami dahulu ya;t
terkini melalui uu ciptaker pemerintah berusaha menjawab kegelisahan para investor dan pengusaha untuk leluasa berusaha jadi sebenarnya banyak hal yang perlu dipahami lawanhantuinvestasi;t
terlihat jelas minat yang tinggi dari para investor asing karena adanya omnibus law mudahcarikerja sapu bersih mafia regulasi;t
ternyata yg ikut demo setuju dengan uu omnibus law juga;t
tidak benar jika pemerintah tidak pro rakyat dengan menciptakan uu ciptaker omnibus law sebab omnibusprorakyat kepala staf kepresidenan moeldoko;t
umkm dibantu oleh pemerintah berkat uu cipta kerja;t
undang undang cipta kerja apa urgensi nya disiplin pakai masker regulasicepatumkmsejahtera;t
undang undang cipta kerja berdampak langsung bagi investasi disiplin pakai masker regulasicepatumkmsejahtera;t
undang undang cipta kerja berdampak positif disiplin pakai masker regulasicepatumkmsejahtera;t
undang undang cipta kerja berikan dampak langsung bagi investasi disiplin pakai masker regulasicepatumkmsejahtera;t
undang undang cipta kerja disahkan lapangan kerja di jawa tengah makin terbuka lebar;t
undang undang cipta kerja disahkan regulasicepatumkmsejahtera;t
undang undang cipta kerja untuk indonesia maju uuciptakerja lawanhoax tolakprovokasi ciptakerja omnibuslawbangunbangsa omnibuslawburuhsejahtera uuciptakerja uuciptakerjaharapanrakyat uuciptaker;t
uu cipta kerja bangkitkan ekonomi dengan investasi pemerintah memangkas birokrasi yang panjang tersebut sehingga kemudian investasi itu menjadi kompetitif dengan negara lain enakbuatngilanginhaus kerjanyatauntukrakyat wujudkanekonomimaju;t
uu cipta kerja banyak sisi baiknya bro baca makanya biar gak kehasut isu dan hoax aja pemerintah berhutang ada maksud dan tujuan bro serta ruu hip sudah dibatalkan makanya klarifikasi informasi terkini jangan konten negatif aja yang dibaca;t
uu cipta kerja disahkan perusahaan internasional antre masuk indonesia omnibusciptakerja omnibuslaw;t
uu cipta kerja disusun utk keuntungan semua pihak tdk memberatkan pengusaha maupun pekerja buruhmajubersamaomnibus;t
uu cipta kerja efektif ratusan investasi sudah antri;t
uu cipta kerja efektif ratusan investasi sudah antri uu cipta kerja terbukti menumbuhkan iklim ekonomi uuciptakerja;t
uu cipta kerja efektif ratusan investasi sudah antri waktunyamilenialberbisnis;t
uu cipta kerja ini merupakan terobosan mewujudkan cita cita memajukan indonesia barisanprokerja waktunyamilenialberbisnis;t
uu cipta kerja karpet merah bagi pengusaha batu bara analisis via;t
uu cipta kerja mampu memulihkan ekonomi di tengah pandemi;t
uu cipta kerja membawa reformasi struktural membenahi regulasi dan birokrasi buruhmajubersamaomnibus;t
uu cipta kerja membuka lapangan kerja baru krn akselerasi investasi buruhmajubersamaomnibus;t
uu cipta kerja memperkuat produksi pangan domestik dan melindungi petani kecil waktunyamilenialberbisnis;t
uu cipta kerja mempermudah perijinan omnibusprorakyat;t
uu cipta kerja niatnya agar umkm berkembang pesat mulai dari mengganti izin usaha dengan hanya pendaftaran untuk umkm mempermudah pendirian pt dengan modal minimal galaxynote bersatudanbekerjasama memberikemudahanrakyat;t
uu cipta kerja pangkas proses perzinan usaha yang berelit belit waktunyamilenialberbisnis;t
uu cipta kerja sangat jelas ingin memangkas birokrasi yg gemuk yo gemuk oknume yo gemuk aturane makanya saiki melalui omnibus law ini semua hal yg berbau gemuk di bikin ramping supoyo masyarakat lan pengusaha podo untunge buruhmajubersamaomnibus;t
uu cipta kerja sudah disahkan perusahaan internasional sudah antri masuk indonesia dukungpenuhomnibuslaw;t
uu cipta kerja tidak akan abai terhadap korporasi perusak lingkungan ciptakerjalindungialam;t
uu cipta kerja tidak akan biarkan kerusakan lingkungan ciptakerjalindungialam;t
uu cipta kerja tidak akan legalkan pembukaan lahan dengan cara membakar ciptakerjalindungialam bersatuindonesiamaju;t
uu cipta kerja umkm dan segudang keuntungannya omnibuslaw;t
uu cipta kerja yang dibuat dengan konsep omnibus law ini dapat memperbaiki kusutnya sistem perundang undangan yang telah ada sebelumnya;t
uu cipta kerja yang memberikan ruang bagi umkm dan nelayan untuk bisa berkembang dengan pemanfaatan sumber daya kelautan galaxynote bersatudanbekerjasama memberikemudahanrakyat;t
uu cipta lapangan kerja diharapkan dapat memberi dampak positif terlebih dalam hal meningkatkan nilai perekonomian dan taraf hidup masyarakat dukungpenuhomnibuslaw;t
uu ciptaker lahir utk masa depan mengapa karena kebijakan inibsgt baik utk menyiapakan indonesia bersaing di iklim global perkembgn tehnologi dan dpt merespon dg sistim regulasi yg adaptable sofyan djalil kepala badan pertanahan nasional omnibusprorakyat;t
uu ciptaker meluruskan segala proses perizinan dalam hal investasi omnibusberimanfaatbaik;t
uu ciptaker memberikan dampak positif dalam sektor pertanian omnibusprorakyat;t
uu ciptaker memberikan kepastian kerja dan kemudahan bagi kalangan usaha omnibusprorakyat;t
uu ciptaker memberikan peluang pekerjaan terlebih dahulu kepada para pekerja indonesia bersamapulihkanekonomibangsa;t
uu ciptaker membuka lapangan kerja sekuas luasnya buruhmajubersamaomnibus;t
uu ciptaker membuka peluang para investor mendirikan pabrik dan usaha lainnya yg artinya membuka kesempatan kerja bagi banyak calon pekerja baru omnibusprorakyat;t
uu ciptaker memperbaiki ekonomi nasional dan meningkatkan investasi uuciptakerja pedulinasibpencarikerja;t
uu ciptaker memperbaiki perekonomian masyarakat yang menurun akibat pandemi covid omnibusprorakyat;t
uu ciptaker memperbaiki perekonomian nasional dan masyarakat juga bersamapulihkanekonomibangsa;t
uu ciptaker mempercepat peningkatan investasi dan memperluas lapangan kerja waktunyamilenialberbisnis;t
uu ciptaker mempermudah dan memangkas perizinan pembukaan usaha salah satunya dengan sistem online buruhmajubersamaomnibus;t
uu ciptaker mempunyai misi bagaimana caranya agar pertumbuhan ekonomi kita bisa cepat bertumbuh dgn cara menggaet investor mempermudah ijin investasi agar tercipta lapangan pekerjaan yang seluas luas nya tp tetap mementingkan rakyat indonesia omnibusprorakyat;t
uu ciptaker memudahkan bagi masyarakat yg ingin membuka umkm khususnya saat mengurus perizinan omnibusprorakyat;t
uu ciptaker memudahkan investor sehingga sekarang banyak investor asing masuk ke indonesia omnibusberimanfaatbaik;t
uu ciptaker memudahkan izin usaha demi membuka lapangan pekerjaan yg luas agar kereasi anak bangsa dapat tersalurkan nantinya supaya kita dapat bersain di pasar golobal buruhmajubersamaomnibus;t
uu ciptaker menciptakan dan meningkatkan lapangan kerja dengan memberikan kemudahan waktunyamilenialberbisnis;t
uu ciptaker menciptakan proses perizinan dengan pendekatan berbasis risiko mengintegrasikannya ke dalam portal tunggal online single submission oss serta mengurai aturan yang tumpang tindih mudahcarikerja;t
uu ciptaker mendorong umkm masuk dl digitalisasi yg akan memudahkan anak muda yg ingin membuat koprasi omnibusprorakyat;t
uu ciptaker mendukung upaya pemerintah dalam pemberantasan korupsi dengan menyederhanakan memotong dan mengintegrasikan ke dalam sistem perizinan secara elektronik sehingga pungutan liar dapat di hilangkan mudahcarikerja;t
uu ciptaker mengatasi pengangguran kemiskinan dan kesenjangan uu cipta kerja juga akan menghilangkan ribuan hambatan dan aturan yang tak mendukung iklim investasi buruhmajubersamaomnibus;t
uu ciptaker mengatur dari hulu sampai hilir mulai dari perizinan umkm pembiayaan akses pasar dan perbaikan rantai pasok jangan abai prokes kovid umkmsuburburuhmakmur;t
uu ciptaker mengembangkan ekonomi dan keuangan syariah buruhmajubersamaomnibus;t
uu ciptaker mengembangkan ekonomi dan keuangan syariah ekonomi dan keuangan syariah masih memiliki potensi yang sangat besar untuk dikembangkan galaxynote bersatudanbekerjasama memberikemudahanrakyat;t
uu ciptaker menghapus pembatasan besar pada investasi dan memberikan sinyal bahwa indonesia terbuka untuk bisnis hal ini dapat membantu menarik investor menciptakan lapangan kerja dan membantu indonesia memerangi kemiskinan waktunyamilenialberbisnis;t
uu ciptaker meningkatkan investasi dan membuka lapangan kerja baru uuciptakerja omnibusprorakyat;t
uu ciptaker menjadi jawaban atas persoalan pengangguran seiring banyaknya investasi yang masuk uu ciptaker akan membuka lapangan kerja yg lebih luas aelyn halim hipmi gt pemerintah telah membawa iklim positif bagi investasi di indonesia omnibusprorakyat;t
uu ciptaker menjadi kunci n membawa indonesia menjadi negara maju uu ciptaker meruntuhkn hambatan ekonomi mempermudah perizinan n birokrasi memajukan umkm memberantas pungli menarik investasi n menciptakn lapangan kerja baru kerja yes demo no pedulinasibpencarikerja;t
uu ciptaker menjamin percepatan dan kepastian dlm proses sertifikasi halal lembaga pemeriksa halal jg diperluas lingkupnya yg kini dpt dilakukan ormas islam dan ptn jangan abai prokes kovid umkmsuburburuhmakmur;t
uu ciptaker menyangkut banyak hal termasuk masa depan buruh;t
uu ciptaker menyederhanakan amp mensinkronisasikan berbagai regulasi yg menghambat penciptaan lapangan kerja buruhmajubersamaomnibus;t
uu ciptaker merupakan langkah reformasi struktural yg dijalankan pemerintah utk meningkatkan investasi di dalam negeri serta menciptakan lapangan kerja yg banyak sambut maulid jaga persatuan bersamapulihkanekonomibangsa;t
uu ciptaker mewujudkan reformasi hukum serta memberikan kesempatan pd potensi bangsa sekaligus menutup celah korupsi buruhmajubersamaomnibus;t
uu ciptaker mudahcarikerja sapu bersih mafia regulasi;t
uu ciptaker percepat kemajuan sektor kemaritiman pada pasal hingga yg memberi ruang bagi umkm amp nelayan utk bisa berkembang dg memanfaatkan sumber daya kelautan adanya payung hukum akan memberikan percepatan akselerasi disektor maritim buruhmajubersamaomnibus;t
uu ciptaker permudah usaha uuciptakerja;t
uu ciptaker punya peluang pemulihan ekonomi nasional dan pemulihan ekonomi global sambut maulid jaga persatuan bersamapulihkanekonomibangsa;t
uu ciptaker sangat bermanfaat bagi pelaku usaha mikro kecil dan menengah bersamapulihkanekonomibangsa;t
uu ciptaker sejahterakan petanii omnibuslaw mudahcarikerja;t
uu ciptaker sejahterakan rakyat uu ini memang memaksudkan kesejahteraan kemakmuran rakyat amp menjamin pekerjaan maka sangat baik kalau dilihat dr konsideran tsb jelas rektor universitas katholik parahyangan bapak mangadar situmorang omnibusprorakyat;t
uu ciptaker semakin mempermudah mendirikan koperasi omnibusprorakyat;t
uu ciptaker solusi utk bangsa lebih baik;t
uu ciptaker ternyata memberikan dukungan kepada umkm agar usahanya bisa maju umkmsuburburuhmakmur;t
uu ciptaker tidak hanya melindungi para pekerja tetapi juga melindungi para pencari kerja dan para pekerja yg ter phk omnibusprorakyat;t
uu ciptaker tidak mengahpus kewenangan pemerintah daerah omnibusprorakyat;t
uu ciptaker u perubahan ke arah lebih baik sambut maulid jaga persatuan bersamapulihkanekonomibangsa;t
uu ciptaker untungkan buruh amp pengusaha;t
uu ciptaker yg baru saja disahkan bisa menjadi solusi atas berbagai masalah perekonomian nasional dlm menghadapi ekonomi global sekaligus solusi juga menghadapi kovid yang sedang mewabah jangan abai prokes kovid umkmsuburburuhmakmur;t
uu itu bisa menguntungkan masyarakat di desa khususnya dari segi ekonomi sambut maulid jaga persatuan bersamapulihkanekonomibangsa;t
uu obl ciptaker melindungi hak para pekerja dan membuka lapangan kerja baru ciptaker buruh pedulinasibpencarikerja;t
uu omnibus law beri kesejahteraan bagi buruh mudahcarikerja sapu bersih mafia regulasi;t
uu omnibus law cipta kerja akan mampu melindungi hak hak pekerja termasuk pekerja kontrak dalam hal upah minimum dan waktu kerja lembur;t
uu omnibus law cipta kerja dinilai memberi peluang pembukaan lapangan kerja baru karena membangkitkan kegiatan ekonomi waktunyamilenialberbisnis;t
uu omnibus law solusi selamatkan umkm disaat pandemi jangan abai prokes kovid umkmsuburburuhmakmur;t
uu omnibus law tidak saja menguntungkan para pengusaha tapi juga para pekerja jangan abai prokes kovid umkmsuburburuhmakmur;t
uu omnibus law untungkan umkm;t
waketum menegaskan bahwa uu cipta kerja akan membuka peluang akselerasu investasi mengatasi pengangguran kemiskinan dan kesenjangan buruhmajubersamaomnibus;t
ya karena sebenernya omnibus law itu pro ke rakyat kok;t
ya sangat terasa kok manfaat omnibus law ini teladan nabi cegah wabah waktunyamilenialberbisnis;t
yang menolak uu ciptaker ini mungkin saja belum tau manfaatnya oblmudahbangunusaha;t
yang nolak omnibus law jangan ikut daftar kerja yaa omnibussejahterakanrakyat demopicukorona;t
yang tidak kalah penting adalah omnibus law cipta kerja juga memberikan jaminan perlindungan bagi pekerja buruhmajubersamaomnibus;t
yg nolak omnibus law fix orang purba teladan nabi cegah wabah waktunyamilenialberbisnis;t
yuk kita simak apa itu omnibus law omnibusprorakyat;t
yuk simak pesan opung untuk anak anak muda terkait omnibus law barisanprokerja umkmsuburburuhmakmur;t
yukk simak ada pertanyaan apakah kewenangan pemda dihapuskan dalam omnibus law jawabanya tidak pada dasarnya peran pemda masih tetap ada tetapi pemda diwajibkan mengikuti nspk norma standar prosedur dan kriteria omnibusprorakyat;t
yukk simak sistem perpajakan yang ada di uu cipta kerja omnibus law mudahcarikerja;t
berbagai keuntungan dengan adanya omnibus law;t
berbagai manfaat akan diberikan melalui uu cipta kerja salah satunya umkm cegah cluster baru kovid bersamajokowiekonomikuat;t
dukung hilirisasi nikel melalui uu ciptaker indonesia produksi barang jadi ato jadi yg labanya lebih berlipat lipat dibandingkan hanya ekspor bahan mentah;t
dukung hilirisasi nikel n kehadiran uu ciptaker menarik investasi n menciptakan lapangan kerja baru;t
dukung implementasi omnibus law sebagai bentuk dukungan terhadap kemajuan ekonomi indonesia dukunhterusomnibuslaw;t
dukung kebijakan omnibuslaw dan ruu cipta kerja untuk mempaduserasikan regulasi pertahanan kehutanan dan kelestarian alam ciptakerjalindungialam;t
dukung manfaat baik dari omnibus law untuk kepentingan kita semua bersamadukungomnibus yup;t
dukung ruu omnibus law cegah cluster baru kovid bersamajokowiekonomikuat;t
dukung umkm dukung uu cipta kerja umkmnaikkelas bersatuindonesiamaju;t
dukung uu cipta kerja untk investasi asing lebih banyak masuk ke indonesia n penciptaan lapangan kerja yg luas;t
dukung uu ciptaker;t
dukung uu ciptaker bersamajokowiekonomikuat;t
dukung uu ciptaker untuk keberlangsungan lingkungan hidup ciptakerjalindungialam;t
